requisition_key,requisition_id,open_date_key,filled_date_key,department_key,position_key,location_key,status,source,applicants,screened,interviewed,offers_made,offers_accepted,recruitment_cost,time_to_fill_days,is_filled,hired_employee_id
1,REQ-00001,20221021,20230107,5,21,1,Filled,Company Website,48,18,9,2,1,1650000,78,1,EMP00463
2,REQ-00002,20221026,20221215,6,27,1,Filled,Jobstreet,105,39,3,2,1,2850000,50,1,EMP00474
3,REQ-00003,20221101,20221231,3,11,2,Filled,LinkedIn,82,25,9,1,1,3400000,60,1,EMP00467
4,REQ-00004,20221104,20221225,2,6,1,Filled,Referral,12,4,4,1,1,3450000,51,1,EMP00462
5,REQ-00005,20221116,20230202,5,21,6,Filled,Company Website,33,11,11,1,1,1650000,78,1,EMP00480
6,REQ-00006,20221122,20230120,2,6,6,Filled,Glints,107,21,5,3,1,2850000,59,1,EMP00479
7,REQ-00007,20221123,20221210,7,31,1,Filled,Referral,13,3,3,1,1,3300000,17,1,EMP00469
8,REQ-00008,20221124,20230101,7,31,4,Filled,LinkedIn,72,26,11,1,1,3700000,38,1,EMP00466
9,REQ-00009,20221124,20221228,4,16,1,Filled,Referral,12,2,2,1,1,4200000,34,1,EMP00461
10,REQ-00010,20221128,20230126,3,11,4,Filled,Glints,75,19,11,1,1,3000000,59,1,EMP00478
11,REQ-00011,20221202,20221229,7,32,3,Filled,LinkedIn,63,20,4,2,1,3250000,27,1,EMP00471
12,REQ-00012,20221206,20221227,8,37,2,Filled,Jobstreet,107,39,11,1,1,2700000,21,1,EMP00465
13,REQ-00013,20221210,20230112,1,1,1,Filled,Jobstreet,104,27,10,1,1,2100000,33,1,EMP00470
14,REQ-00014,20221211,20230111,2,6,1,Filled,Company Website,32,10,9,1,1,1200000,31,1,EMP00472
15,REQ-00015,20221216,20230112,6,26,1,Filled,Jobstreet,76,20,9,1,1,3450000,27,1,EMP00473
16,REQ-00016,20221218,20221229,1,3,3,Filled,Jobstreet,122,46,5,3,1,2100000,11,1,EMP00468
17,REQ-00017,20221219,20230205,6,26,1,Filled,LinkedIn,87,21,8,1,1,4000000,48,1,EMP00484
18,REQ-00018,20221226,20230127,1,1,3,Filled,Referral,14,4,4,1,1,3900000,32,1,EMP00477
19,REQ-00019,20230101,20230108,7,31,4,Filled,Kalibrr,59,22,8,1,1,1800000,7,1,EMP00464
20,REQ-00020,20230107,20230211,1,1,1,Filled,Glints,88,25,10,1,1,2850000,35,1,EMP00485
21,REQ-00021,20230108,20230209,7,31,1,Filled,Referral,8,3,3,1,1,4650000,32,1,EMP00476
22,REQ-00022,20230112,20230307,3,12,1,Filled,Referral,13,4,4,1,1,3600000,54,1,EMP00506
23,REQ-00023,20230116,20230405,3,11,4,Filled,LinkedIn,59,22,4,2,1,4000000,79,1,EMP00490
24,REQ-00024,20230117,20230328,3,11,1,Filled,Campus Hiring,141,55,10,1,1,5500000,70,1,EMP00493
25,REQ-00025,20230118,20230203,8,37,1,Filled,Referral,14,3,3,2,1,4200000,16,1,EMP00475
26,REQ-00026,20230121,20230403,2,7,3,Filled,Glints,92,26,6,2,1,2850000,72,1,EMP00505
27,REQ-00027,20230121,20230323,4,19,2,Filled,Headhunter/Agency,1,1,1,1,1,78640000,61,1,EMP00494
28,REQ-00028,20230123,,3,11,1,Cancelled,Company Website,34,12,7,0,0,750000,,0,
29,REQ-00030,20230124,,6,26,1,Cancelled,LinkedIn,80,30,3,0,0,3850000,,0,
30,REQ-00029,20230124,,1,1,1,Cancelled,Glints,67,25,10,1,0,2400000,,0,
31,REQ-00031,20230126,20230322,3,11,2,Filled,Glints,98,33,6,2,1,2700000,55,1,EMP00495
32,REQ-00032,20230201,20230208,1,1,2,Filled,LinkedIn,77,24,4,1,1,3100000,7,1,EMP00486
33,REQ-00033,20230201,20230318,8,36,1,Filled,Jobstreet,115,35,9,2,1,2550000,45,1,EMP00497
34,REQ-00034,20230202,20230301,7,31,3,Filled,Glints,98,31,9,1,1,2700000,27,1,EMP00482
35,REQ-00035,20230210,20230305,7,32,6,Filled,Company Website,37,7,7,1,1,1500000,23,1,EMP00498
36,REQ-00036,20230211,20230222,8,37,1,Filled,LinkedIn,66,22,5,1,1,2950000,11,1,EMP00483
37,REQ-00037,20230212,20230323,3,11,3,Filled,Campus Hiring,136,27,8,2,1,4900000,39,1,EMP00503
38,REQ-00038,20230214,,7,31,1,Cancelled,Kalibrr,61,16,8,0,0,1800000,,0,
39,REQ-00039,20230214,20230403,7,31,1,Filled,Referral,23,6,6,1,1,4500000,48,1,EMP00509
40,REQ-00040,20230215,20230320,7,31,2,Filled,Jobstreet,100,39,4,1,1,2850000,33,1,EMP00496
41,REQ-00041,20230220,20230309,2,6,1,Filled,Campus Hiring,154,35,7,1,1,4750000,17,1,EMP00507
42,REQ-00042,20230220,,7,31,1,Cancelled,Headhunter/Agency,7,2,2,1,0,14300000,,0,
43,REQ-00043,20230221,20230314,2,6,2,Filled,Company Website,29,11,9,2,1,750000,21,1,EMP00500
44,REQ-00045,20230226,20230311,8,36,1,Filled,Referral,9,2,2,2,1,4650000,13,1,EMP00481
45,REQ-00044,20230226,,4,16,1,Cancelled,LinkedIn,74,23,7,0,0,4150000,,0,
46,REQ-00046,20230228,20230319,7,33,1,Filled,LinkedIn,82,27,11,1,1,3400000,19,1,EMP00508
47,REQ-00047,20230228,20230315,8,36,3,Filled,LinkedIn,59,18,10,1,1,3250000,15,1,EMP00491
48,REQ-00048,20230302,20230409,1,1,6,Filled,Referral,13,3,3,1,1,4350000,38,1,EMP00514
49,REQ-00049,20230306,20230322,1,1,1,Filled,LinkedIn,64,15,10,2,1,4000000,16,1,EMP00487
50,REQ-00050,20230308,20230409,1,2,5,Filled,Jobstreet,105,22,6,1,1,2100000,32,1,EMP00499
51,REQ-00051,20230308,20230322,8,36,1,Filled,LinkedIn,71,17,11,1,1,3400000,14,1,EMP00489
52,REQ-00052,20230311,20230525,2,6,2,Filled,Referral,14,5,5,1,1,4200000,75,1,EMP00518
53,REQ-00053,20230313,20230422,7,32,1,Filled,Kalibrr,56,19,6,1,1,1500000,40,1,EMP00512
54,REQ-00054,20230313,20230329,8,36,5,Filled,Glints,96,36,7,2,1,3150000,16,1,EMP00492
55,REQ-00055,20230314,20230411,1,1,6,Filled,Jobstreet,102,28,3,1,1,2100000,28,1,EMP00502
56,REQ-00056,20230314,20230731,3,11,1,Filled,Jobstreet,120,32,11,2,1,2850000,139,1,EMP00540
57,REQ-00057,20230316,20230328,7,31,1,Filled,Referral,13,3,3,1,1,3600000,12,1,EMP00488
58,REQ-00058,20230318,20230423,7,31,1,Filled,Jobstreet,103,22,6,1,1,2250000,36,1,EMP00513
59,REQ-00059,20230322,20230331,7,31,3,Filled,Jobstreet,100,20,7,1,1,2700000,9,1,EMP00504
60,REQ-00060,20230323,20230530,1,1,1,Filled,Glints,99,33,11,2,1,1950000,68,1,EMP00520
61,REQ-00061,20230330,20230426,3,11,3,Filled,Kalibrr,61,16,4,1,1,1800000,27,1,EMP00510
62,REQ-00062,20230331,20230416,8,36,4,Filled,Jobstreet,120,41,10,2,1,2700000,16,1,EMP00501
63,REQ-00063,20230405,20230424,8,36,1,Filled,Referral,10,3,3,1,1,4200000,19,1,EMP00511
64,REQ-00064,20230407,20230604,7,31,1,Filled,Kalibrr,54,18,9,1,1,2100000,58,1,EMP00522
65,REQ-00065,20230408,20230615,6,26,1,Filled,LinkedIn,73,18,9,1,1,3400000,68,1,EMP00532
66,REQ-00066,20230408,20230620,3,14,1,Filled,Referral,7,2,2,1,1,3900000,73,1,EMP00527
67,REQ-00067,20230418,20230520,7,31,2,Filled,Kalibrr,70,19,6,2,1,2850000,32,1,EMP00521
68,REQ-00068,20230421,20230513,2,7,1,Filled,LinkedIn,62,13,3,1,1,4150000,22,1,EMP00515
69,REQ-00069,20230505,20230628,7,32,3,Filled,LinkedIn,70,17,11,1,1,3700000,54,1,EMP00528
70,REQ-00070,20230508,20230625,7,33,1,Filled,Company Website,45,13,11,2,1,1200000,48,1,EMP00530
71,REQ-00071,20230512,,4,16,1,Cancelled,Company Website,39,11,9,0,0,750000,,0,
72,REQ-00072,20230513,20230527,7,31,2,Filled,Company Website,38,13,6,2,1,600000,14,1,EMP00516
73,REQ-00074,20230515,,5,21,1,Cancelled,Kalibrr,55,18,7,0,0,2400000,,0,
74,REQ-00073,20230515,20230627,4,17,1,Filled,Jobstreet,119,42,7,2,1,3300000,43,1,EMP00533
75,REQ-00075,20230517,20230616,8,36,1,Filled,Glints,93,36,4,2,1,2100000,30,1,EMP00519
76,REQ-00076,20230518,20230602,8,36,1,Filled,LinkedIn,73,16,7,2,1,3100000,15,1,EMP00517
77,REQ-00077,20230521,20230806,5,21,3,Filled,Jobstreet,112,43,4,1,1,2550000,77,1,EMP00535
78,REQ-00078,20230526,20230617,8,36,5,Filled,Jobstreet,113,33,7,2,1,3000000,22,1,EMP00529
79,REQ-00079,20230529,,2,6,1,Cancelled,Campus Hiring,175,57,11,0,0,5350000,,0,
80,REQ-00080,20230531,20230704,1,2,1,Filled,Headhunter/Agency,5,1,1,1,1,25900000,34,1,EMP00531
81,REQ-00081,20230531,20230802,3,11,1,Filled,Jobstreet,114,31,4,1,1,2400000,63,1,EMP00536
82,REQ-00082,20230604,,8,36,1,Cancelled,Jobstreet,99,38,8,1,0,2550000,,0,
83,REQ-00083,20230604,20230620,8,36,1,Filled,Jobstreet,110,27,8,2,1,2700000,16,1,EMP00526
84,REQ-00084,20230605,20230707,6,26,1,Filled,Headhunter/Agency,7,1,1,3,1,15850000,32,1,EMP00544
85,REQ-00085,20230612,20230803,3,12,1,Filled,Company Website,44,10,6,1,1,900000,52,1,EMP00543
86,REQ-00086,20230612,20230701,7,32,1,Filled,Jobstreet,115,25,3,1,1,2850000,19,1,EMP00524
87,REQ-00087,20230615,20230711,3,11,6,Filled,Referral,15,5,5,1,1,3900000,26,1,EMP00525
88,REQ-00089,20230622,20230717,7,31,1,Filled,Glints,91,28,8,1,1,2250000,25,1,EMP00537
89,REQ-00090,20230622,20230810,3,11,3,Filled,Referral,7,2,2,1,1,3750000,49,1,EMP00538
90,REQ-00088,20230622,,8,36,1,Cancelled,Jobstreet,99,38,11,0,0,3000000,,0,
91,REQ-00091,20230626,20230706,8,37,1,Filled,Glints,94,33,7,2,1,3000000,10,1,EMP00523
92,REQ-00092,20230627,20230712,8,36,4,Filled,LinkedIn,67,25,3,2,1,3100000,15,1,EMP00542
93,REQ-00093,20230630,20230714,2,7,4,Filled,Glints,94,33,6,1,1,2400000,14,1,EMP00539
94,REQ-00094,20230704,20230801,2,7,1,Filled,Jobstreet,122,39,9,1,1,3450000,28,1,EMP00546
95,REQ-00095,20230706,20230802,4,16,2,Filled,Jobstreet,116,30,9,1,1,2400000,27,1,EMP00545
96,REQ-00096,20230706,20230814,8,38,5,Filled,Glints,85,22,10,1,1,3000000,39,1,EMP00552
97,REQ-00097,20230707,,2,6,1,Cancelled,Referral,13,4,4,0,0,3600000,,0,
98,REQ-00098,20230718,20231024,3,11,3,Filled,Kalibrr,81,31,11,3,1,1500000,98,1,EMP00578
99,REQ-00099,20230719,20230802,8,36,1,Filled,Company Website,43,16,6,2,1,750000,14,1,EMP00541
100,REQ-00100,20230720,20230807,8,36,1,Filled,Headhunter/Agency,5,1,1,2,1,12380000,18,1,EMP00534
101,REQ-00101,20230720,20230920,3,11,1,Filled,Jobstreet,114,37,10,1,1,2700000,62,1,EMP00553
102,REQ-00103,20230723,20230808,8,36,2,Filled,Headhunter/Agency,4,1,1,1,1,12480000,16,1,EMP00551
103,REQ-00102,20230723,20230801,1,2,2,Filled,Glints,81,26,8,2,1,2100000,9,1,EMP00547
104,REQ-00104,20230727,20230917,6,26,1,Filled,Headhunter/Agency,4,1,1,1,1,16030000,52,1,EMP00558
105,REQ-00105,20230807,20230818,8,36,3,Filled,Jobstreet,113,39,5,2,1,3300000,11,1,EMP00550
106,REQ-00106,20230812,20230904,1,2,1,Filled,Headhunter/Agency,10,2,2,1,1,27710000,23,1,EMP00549
107,REQ-00107,20230823,,1,1,1,Cancelled,LinkedIn,73,14,4,0,0,2800000,,0,
108,REQ-00108,20230825,20230923,1,1,5,Filled,Company Website,41,12,4,2,1,1650000,29,1,EMP00554
109,REQ-00109,20230904,20231003,1,1,1,Filled,Jobstreet,116,25,6,2,1,3300000,29,1,EMP00562
110,REQ-00110,20230905,20231117,3,11,3,Filled,Kalibrr,65,19,11,2,1,1800000,73,1,EMP00584
111,REQ-00111,20230907,20230929,8,36,1,Filled,LinkedIn,61,21,7,2,1,4000000,22,1,EMP00559
112,REQ-00112,20230908,20231110,1,1,3,Filled,Glints,79,23,10,1,1,2850000,63,1,EMP00586
113,REQ-00113,20230909,20230919,1,1,1,Filled,LinkedIn,60,13,4,2,1,3400000,10,1,EMP00557
114,REQ-00114,20230909,20231001,2,6,6,Filled,LinkedIn,70,17,11,1,1,3700000,22,1,EMP00556
115,REQ-00115,20230910,20230919,1,1,5,Filled,Glints,84,18,10,1,1,3000000,9,1,EMP00548
116,REQ-00116,20230911,20230918,8,36,1,Filled,Kalibrr,68,23,6,1,1,2250000,7,1,EMP00560
117,REQ-00117,20230916,20230929,8,36,2,Filled,Company Website,29,8,8,1,1,1050000,13,1,EMP00555
118,REQ-00118,20230918,20231111,3,12,1,Filled,Jobstreet,118,44,5,1,1,3450000,54,1,EMP00572
119,REQ-00119,20230923,,2,6,1,Cancelled,Headhunter/Agency,5,1,1,0,0,15650000,,0,
120,REQ-00120,20230926,20231024,2,7,1,Filled,LinkedIn,71,25,10,1,1,4150000,28,1,EMP00565
121,REQ-00121,20230928,20231115,7,31,2,Filled,Company Website,37,7,7,2,1,1950000,48,1,EMP00577
122,REQ-00122,20230928,20231025,4,16,5,Filled,Jobstreet,119,32,7,1,1,3000000,27,1,EMP00566
123,REQ-00123,20230928,20231112,1,1,1,Filled,Headhunter/Agency,13,3,3,1,1,18200000,45,1,EMP00589
124,REQ-00124,20231001,20231010,7,32,1,Filled,Company Website,38,14,9,2,1,1650000,9,1,EMP00570
125,REQ-00125,20231003,20231111,1,3,6,Filled,Referral,11,4,4,1,1,4350000,39,1,EMP00585
126,REQ-00126,20231003,20231105,8,37,6,Filled,Company Website,40,12,9,2,1,1800000,33,1,EMP00567
127,REQ-00127,20231005,20231014,2,6,1,Filled,LinkedIn,65,13,7,1,1,3550000,9,1,EMP00561
128,REQ-00128,20231006,20231105,5,21,5,Filled,LinkedIn,73,19,4,2,1,3100000,30,1,EMP00574
129,REQ-00129,20231006,20231024,1,2,4,Filled,Glints,78,25,10,1,1,2400000,18,1,EMP00575
130,REQ-00130,20231008,,7,31,1,Cancelled,Campus Hiring,145,43,10,1,0,5350000,,0,
131,REQ-00131,20231008,20231024,7,31,1,Filled,LinkedIn,71,21,4,1,1,2800000,16,1,EMP00576
132,REQ-00132,20231009,,3,11,1,Cancelled,Headhunter/Agency,7,1,1,0,0,14450000,,0,
133,REQ-00133,20231009,20231108,3,12,5,Filled,Jobstreet,127,48,9,1,1,3450000,30,1,EMP00568
134,REQ-00134,20231011,20231022,6,26,6,Filled,Headhunter/Agency,9,3,3,1,1,16200000,11,1,EMP00571
135,REQ-00135,20231012,20231113,1,1,1,Filled,Jobstreet,98,27,9,2,1,3150000,32,1,EMP00564
136,REQ-00136,20231015,20231105,4,16,5,Filled,Glints,88,33,8,1,1,3150000,21,1,EMP00573
137,REQ-00137,20231016,20231031,8,36,5,Filled,Jobstreet,98,31,10,1,1,2850000,15,1,EMP00563
138,REQ-00138,20231022,20231116,1,1,1,Filled,Jobstreet,122,48,11,1,1,3150000,25,1,EMP00587
139,REQ-00139,20231030,20231110,8,38,1,Filled,LinkedIn,72,25,10,1,1,3700000,11,1,EMP00569
140,REQ-00140,20231030,20231118,2,6,5,Filled,LinkedIn,81,28,5,1,1,3400000,19,1,EMP00580
141,REQ-00141,20231103,20231222,7,31,6,Filled,Glints,92,30,8,1,1,2400000,49,1,EMP00592
142,REQ-00142,20231106,20231124,8,36,3,Filled,Jobstreet,102,23,3,1,1,2550000,18,1,EMP00590
143,REQ-00143,20231106,20231125,8,36,5,Filled,Jobstreet,102,28,11,1,1,3450000,19,1,EMP00588
144,REQ-00144,20231110,20231118,6,26,5,Filled,Kalibrr,60,22,4,2,1,2550000,8,1,EMP00583
145,REQ-00145,20231110,20231205,3,13,5,Filled,Glints,83,28,9,3,1,2100000,25,1,EMP00581
146,REQ-00146,20231114,20240130,4,17,1,Filled,LinkedIn,67,19,10,1,1,2950000,77,1,EMP00611
147,REQ-00147,20231117,20240116,3,11,5,Filled,Glints,86,26,11,3,1,2100000,60,1,EMP00607
148,REQ-00148,20231120,20231222,1,1,2,Filled,Jobstreet,95,19,7,1,1,2250000,32,1,EMP00591
149,REQ-00149,20231121,20231128,8,36,6,Filled,Glints,93,37,3,1,1,3150000,7,1,EMP00579
150,REQ-00150,20231122,20240120,1,1,1,Filled,Glints,78,15,5,1,1,2850000,59,1,EMP00604
151,REQ-00151,20231126,20231211,1,1,1,Filled,Referral,11,2,2,1,1,3450000,15,1,EMP00582
152,REQ-00152,20231129,20240106,7,33,3,Filled,Referral,10,2,2,1,1,3600000,38,1,EMP00593
153,REQ-00153,20231208,20240124,7,32,4,Filled,Glints,76,27,4,1,1,1800000,47,1,EMP00595
154,REQ-00154,20231211,,2,6,1,Cancelled,Company Website,54,12,3,1,0,1800000,,0,
155,REQ-00155,20231215,20240205,2,6,1,Filled,Jobstreet,112,36,4,1,1,2100000,52,1,EMP00597
156,REQ-00156,20231219,20240104,7,31,1,Filled,Company Website,49,11,11,1,1,1350000,16,1,EMP00610
157,REQ-00157,20231219,20240216,2,6,3,Filled,Jobstreet,117,34,9,2,1,3000000,59,1,EMP00620
158,REQ-00158,20231222,20240205,8,38,1,Filled,Jobstreet,107,30,10,1,1,2100000,45,1,EMP00602
159,REQ-00159,20231225,20240131,7,31,4,Filled,Referral,20,5,5,1,1,4350000,37,1,EMP00601
160,REQ-00160,20231226,20240126,4,16,3,Filled,Glints,77,25,9,2,1,1800000,31,1,EMP00603
161,REQ-00161,20231227,20240110,8,36,5,Filled,Jobstreet,109,28,6,1,1,3000000,14,1,EMP00613
162,REQ-00162,20231229,20240203,3,12,1,Filled,Referral,16,4,3,1,1,4050000,36,1,EMP00621
163,REQ-00163,20231229,20240203,5,21,1,Filled,Campus Hiring,151,35,7,2,1,5500000,36,1,EMP00596
164,REQ-00164,20231231,20240130,7,31,1,Filled,Referral,16,5,3,2,1,3750000,30,1,EMP00599
165,REQ-00165,20240102,20240112,7,31,5,Filled,Referral,17,4,4,1,1,3600000,10,1,EMP00605
166,REQ-00166,20240107,20240215,3,11,5,Filled,LinkedIn,71,20,6,2,1,4150000,39,1,EMP00617
167,REQ-00167,20240109,20240127,7,31,1,Filled,Kalibrr,42,9,9,1,1,1800000,18,1,EMP00609
168,REQ-00168,20240110,20240214,3,11,3,Filled,Headhunter/Agency,7,2,2,1,1,16890000,35,1,EMP00618
169,REQ-00169,20240111,20240131,7,31,2,Filled,Referral,15,5,5,2,1,3900000,20,1,EMP00600
170,REQ-00170,20240116,20240311,2,7,1,Filled,LinkedIn,79,18,8,1,1,3700000,55,1,EMP00625
171,REQ-00171,20240119,20240131,2,6,2,Filled,Glints,94,35,4,3,1,2100000,12,1,EMP00612
172,REQ-00172,20240120,20240316,3,11,2,Filled,Campus Hiring,155,59,10,1,1,4750000,56,1,EMP00634
173,REQ-00173,20240121,20240204,7,31,2,Filled,Company Website,46,15,7,1,1,1050000,14,1,EMP00606
174,REQ-00174,20240125,20240221,8,36,1,Filled,Company Website,46,15,4,1,1,1350000,27,1,EMP00622
175,REQ-00175,20240126,20240214,7,31,6,Filled,Headhunter/Agency,5,1,1,1,1,13110000,19,1,EMP00594
176,REQ-00176,20240127,20240319,1,2,1,Filled,Glints,65,20,7,1,1,2700000,52,1,EMP00629
177,REQ-00177,20240128,20240220,8,37,1,Filled,Jobstreet,116,28,7,1,1,3150000,23,1,EMP00624
178,REQ-00178,20240128,20240222,7,31,2,Filled,Glints,94,20,10,1,1,3000000,25,1,EMP00626
179,REQ-00179,20240129,20240313,5,21,1,Filled,Campus Hiring,149,35,10,1,1,5650000,44,1,EMP00642
180,REQ-00180,20240130,20240218,7,31,1,Filled,LinkedIn,87,20,4,1,1,3400000,19,1,EMP00623
181,REQ-00181,20240201,20240522,3,11,1,Filled,LinkedIn,83,29,3,1,1,2950000,111,1,EMP00659
182,REQ-00182,20240203,20240315,3,11,4,Filled,LinkedIn,62,13,10,2,1,3100000,41,1,EMP00630
183,REQ-00183,20240203,20240219,1,2,1,Filled,Referral,13,4,4,1,1,3600000,16,1,EMP00598
184,REQ-00184,20240204,20240211,8,36,1,Filled,Headhunter/Agency,13,3,3,1,1,13700000,7,1,EMP00608
185,REQ-00185,20240210,20240314,2,6,6,Filled,Company Website,35,7,7,1,1,1650000,33,1,EMP00627
186,REQ-00186,20240211,20240312,8,36,3,Filled,Referral,10,2,2,1,1,4350000,30,1,EMP00636
187,REQ-00187,20240213,20240306,1,2,2,Filled,Kalibrr,53,17,3,1,1,2100000,22,1,EMP00615
188,REQ-00188,20240214,,3,11,1,Cancelled,Company Website,29,10,10,0,0,1800000,,0,
189,REQ-00189,20240216,20240426,4,16,1,Filled,Kalibrr,52,15,11,1,1,2400000,70,1,EMP00651
190,REQ-00190,20240216,20240305,8,37,1,Filled,Glints,81,31,9,1,1,2100000,18,1,EMP00616
191,REQ-00191,20240217,20240404,1,1,1,Filled,Glints,85,33,11,2,1,2700000,47,1,EMP00638
192,REQ-00192,20240220,20240414,3,11,3,Filled,Jobstreet,103,23,9,1,1,2850000,54,1,EMP00632
193,REQ-00193,20240221,20240409,1,1,1,Filled,Campus Hiring,143,36,5,1,1,4300000,48,1,EMP00654
194,REQ-00196,20240224,,5,21,1,Cancelled,Headhunter/Agency,13,3,3,1,0,15200000,,0,
195,REQ-00195,20240224,20240309,8,36,1,Filled,Referral,8,1,1,2,1,4650000,14,1,EMP00614
196,REQ-00194,20240224,20240302,8,36,2,Filled,Referral,5,1,1,1,1,4650000,7,1,EMP00619
197,REQ-00197,20240225,,6,26,1,Cancelled,Kalibrr,72,25,7,0,0,2550000,,0,
198,REQ-00198,20240228,20240317,7,31,2,Filled,Jobstreet,107,28,6,1,1,2100000,18,1,EMP00635
199,REQ-00199,20240228,20240422,3,11,6,Filled,Jobstreet,105,32,8,1,1,2400000,54,1,EMP00645
200,REQ-00200,20240307,20240409,7,31,6,Filled,Referral,15,4,4,2,1,3750000,33,1,EMP00628
201,REQ-00201,20240308,20240415,5,22,4,Filled,LinkedIn,85,21,10,1,1,3400000,38,1,EMP00639
202,REQ-00202,20240309,20240407,6,26,6,Filled,Jobstreet,96,22,8,1,1,3450000,29,1,EMP00640
203,REQ-00203,20240314,20240402,7,31,1,Filled,Kalibrr,49,17,8,1,1,2550000,19,1,EMP00644
204,REQ-00204,20240316,20240428,3,12,1,Filled,Referral,12,4,4,2,1,3300000,43,1,EMP00643
205,REQ-00205,20240317,20240406,7,32,4,Filled,Headhunter/Agency,15,4,4,1,1,21940000,20,1,EMP00641
206,REQ-00206,20240318,20240329,5,21,3,Filled,LinkedIn,75,15,5,1,1,3850000,11,1,EMP00637
207,REQ-00207,20240322,20240407,8,36,1,Filled,Jobstreet,126,43,9,1,1,3150000,16,1,EMP00633
208,REQ-00208,20240322,,1,1,1,Cancelled,Referral,12,3,3,0,0,4350000,,0,
209,REQ-00209,20240323,20240412,1,1,2,Filled,Jobstreet,108,36,11,1,1,3000000,20,1,EMP00631
210,REQ-00210,20240402,20240501,7,33,6,Filled,Headhunter/Agency,13,4,4,2,1,32600000,29,1,EMP00647
211,REQ-00211,20240407,20240506,8,36,5,Filled,Company Website,34,13,9,3,1,600000,29,1,EMP00660
212,REQ-00212,20240408,20240619,1,5,1,Filled,Headhunter/Agency,4,1,1,1,1,90700000,72,1,EMP00682
213,REQ-00213,20240410,20240519,1,1,5,Filled,LinkedIn,59,19,5,1,1,3850000,39,1,EMP00658
214,REQ-00214,20240412,20240501,8,36,1,Filled,Kalibrr,64,19,10,1,1,2400000,19,1,EMP00649
215,REQ-00215,20240412,20240512,8,36,3,Filled,Referral,10,2,2,2,1,3600000,30,1,EMP00667
216,REQ-00216,20240414,20240422,7,31,2,Filled,Referral,8,2,2,1,1,4050000,8,1,EMP00656
217,REQ-00217,20240415,20240504,7,31,2,Filled,Kalibrr,48,17,6,1,1,2400000,19,1,EMP00648
218,REQ-00218,20240415,20240523,8,36,1,Filled,Glints,84,24,10,3,1,2700000,38,1,EMP00661
219,REQ-00219,20240415,20240429,8,36,1,Filled,Jobstreet,116,40,9,3,1,2550000,14,1,EMP00646
220,REQ-00220,20240416,20240529,7,31,3,Filled,LinkedIn,72,21,5,1,1,3700000,43,1,EMP00668
221,REQ-00221,20240418,20240521,7,33,1,Filled,Campus Hiring,151,45,6,2,1,5050000,33,1,EMP00653
222,REQ-00222,20240420,20240507,8,36,3,Filled,Jobstreet,114,26,6,2,1,2550000,17,1,EMP00650
223,REQ-00223,20240421,20240430,1,2,2,Filled,Campus Hiring,155,46,10,1,1,5350000,9,1,EMP00652
224,REQ-00224,20240421,,1,1,1,Cancelled,Referral,18,6,6,0,0,3300000,,0,
225,REQ-00225,20240423,20240623,2,6,1,Filled,Referral,12,3,3,1,1,3300000,61,1,EMP00677
226,REQ-00226,20240424,20240613,7,33,3,Filled,Headhunter/Agency,14,3,3,2,1,32740000,50,1,EMP00670
227,REQ-00227,20240426,20240605,7,31,2,Filled,Campus Hiring,144,45,5,1,1,5500000,40,1,EMP00657
228,REQ-00228,20240427,20240613,7,31,3,Filled,Headhunter/Agency,3,1,1,1,1,15870000,47,1,EMP00662
229,REQ-00229,20240429,,1,1,1,Cancelled,Campus Hiring,163,43,11,1,0,5350000,,0,
230,REQ-00230,20240430,20240511,7,31,1,Filled,Campus Hiring,161,49,8,2,1,5350000,11,1,EMP00655
231,REQ-00231,20240504,20240612,7,32,6,Filled,LinkedIn,64,16,11,3,1,3850000,39,1,EMP00680
232,REQ-00232,20240507,20240530,6,26,4,Filled,Referral,12,4,4,1,1,4500000,23,1,EMP00663
233,REQ-00233,20240507,20240628,3,12,1,Filled,LinkedIn,82,29,3,1,1,3550000,52,1,EMP00676
234,REQ-00234,20240509,20240614,7,31,1,Filled,Jobstreet,116,36,6,1,1,3000000,36,1,EMP00664
235,REQ-00235,20240509,20240528,8,36,5,Filled,Glints,78,26,5,1,1,1800000,19,1,EMP00666
236,REQ-00236,20240512,20240707,2,7,4,Filled,Referral,14,3,3,1,1,3600000,56,1,EMP00672
237,REQ-00237,20240516,20240617,8,36,3,Filled,Jobstreet,94,31,9,1,1,2100000,32,1,EMP00683
238,REQ-00238,20240521,20240620,2,8,3,Filled,Glints,89,34,4,1,1,2100000,30,1,EMP00665
239,REQ-00240,20240523,,6,26,1,Cancelled,Referral,6,1,1,1,0,4050000,,0,
240,REQ-00239,20240523,20240606,7,31,6,Filled,Jobstreet,108,26,10,1,1,2250000,14,1,EMP00675
241,REQ-00241,20240528,20240621,8,38,3,Filled,Referral,14,4,4,1,1,3300000,24,1,EMP00679
242,REQ-00242,20240602,20240625,7,32,2,Filled,LinkedIn,70,17,11,2,1,4000000,23,1,EMP00678
243,REQ-00243,20240603,20240713,1,1,1,Filled,LinkedIn,72,22,7,2,1,2950000,40,1,EMP00674
244,REQ-00244,20240608,,5,21,1,Cancelled,Kalibrr,75,17,9,1,0,2550000,,0,
245,REQ-00245,20240610,20240627,2,7,2,Filled,Headhunter/Agency,9,3,3,1,1,26650000,17,1,EMP00673
246,REQ-00246,20240613,20240713,3,12,4,Filled,Glints,70,14,9,2,1,2700000,30,1,EMP00669
247,REQ-00247,20240616,20240629,1,1,1,Filled,Referral,11,3,3,1,1,4650000,13,1,EMP00681
248,REQ-00248,20240618,20240711,8,36,5,Filled,Referral,14,3,3,1,1,4050000,23,1,EMP00671
249,REQ-00249,20240623,20240716,8,38,6,Filled,Referral,8,2,2,1,1,4650000,23,1,EMP00684
250,REQ-00250,20240625,20240724,2,8,1,Filled,Jobstreet,113,26,11,1,1,2700000,29,1,EMP00689
251,REQ-00251,20240625,,8,36,1,Cancelled,Jobstreet,128,32,10,0,0,2250000,,0,
252,REQ-00252,20240628,20240717,8,37,3,Filled,Referral,18,7,7,1,1,3600000,19,1,EMP00691
253,REQ-00254,20240702,20241024,2,6,5,Filled,Jobstreet,85,18,4,1,1,2100000,114,1,EMP00722
254,REQ-00255,20240702,20241009,3,14,3,Filled,LinkedIn,46,16,8,2,1,3250000,99,1,EMP00714
255,REQ-00253,20240702,20240827,1,4,1,Filled,LinkedIn,41,15,8,1,1,3400000,56,1,EMP00695
256,REQ-00256,20240704,20240723,2,6,1,Filled,Jobstreet,123,34,5,2,1,2700000,19,1,EMP00690
257,REQ-00257,20240704,20240930,3,11,1,Filled,LinkedIn,66,16,9,1,1,3550000,88,1,EMP00718
258,REQ-00258,20240704,20240830,7,31,1,Filled,Jobstreet,128,35,9,1,1,2550000,57,1,EMP00699
259,REQ-00259,20240704,20240926,2,8,1,Filled,Glints,80,29,3,1,1,2100000,84,1,EMP00716
260,REQ-00260,20240707,20240727,7,32,1,Filled,Jobstreet,118,38,4,2,1,3150000,20,1,EMP00687
261,REQ-00261,20240707,20240824,3,13,1,Filled,Referral,12,3,3,2,1,3750000,48,1,EMP00692
262,REQ-00262,20240709,20240731,7,34,4,Filled,Referral,3,1,1,1,1,4650000,22,1,EMP00685
263,REQ-00263,20240709,20240716,1,1,2,Filled,Glints,78,24,4,1,1,2250000,7,1,EMP00688
264,REQ-00264,20240711,20240818,6,27,3,Filled,Headhunter/Agency,11,2,2,2,1,23990000,38,1,EMP00698
265,REQ-00265,20240711,20240814,7,31,4,Filled,Referral,15,5,5,1,1,4650000,34,1,EMP00686
266,REQ-00266,20240713,,5,21,1,Cancelled,Jobstreet,122,29,4,0,0,3150000,,0,
267,REQ-00268,20240716,20240913,1,2,1,Filled,Campus Hiring,153,46,7,2,1,5500000,59,1,EMP00711
268,REQ-00267,20240716,,7,31,1,Cancelled,Headhunter/Agency,11,3,3,0,0,14450000,,0,
269,REQ-00269,20240725,20240926,3,11,2,Filled,LinkedIn,69,26,8,2,1,3700000,63,1,EMP00713
270,REQ-00270,20240729,,7,31,1,Cancelled,Company Website,44,12,4,0,0,1500000,,0,
271,REQ-00271,20240801,20240815,2,6,3,Filled,Jobstreet,121,35,4,1,1,2250000,14,1,EMP00696
272,REQ-00272,20240802,20240824,7,32,1,Filled,Campus Hiring,139,34,5,2,1,4900000,22,1,EMP00694
273,REQ-00273,20240805,20240920,7,31,6,Filled,LinkedIn,74,19,5,1,1,3850000,46,1,EMP00703
274,REQ-00274,20240812,20240910,7,32,4,Filled,LinkedIn,58,17,6,2,1,3100000,29,1,EMP00693
275,REQ-00275,20240814,20240828,8,36,1,Filled,Company Website,36,11,3,2,1,750000,14,1,EMP00697
276,REQ-00276,20240819,20241029,3,13,1,Filled,Kalibrr,54,13,5,1,1,2400000,71,1,EMP00731
277,REQ-00277,20240819,20240925,8,37,3,Filled,Campus Hiring,133,29,8,1,1,5500000,37,1,EMP00707
278,REQ-00278,20240820,20240924,7,31,5,Filled,LinkedIn,84,18,5,2,1,3550000,35,1,EMP00702
279,REQ-00279,20240820,20240926,1,1,1,Filled,Referral,12,3,3,2,1,3600000,37,1,EMP00705
280,REQ-00280,20240825,20241013,1,1,1,Filled,LinkedIn,77,16,9,1,1,2800000,49,1,EMP00708
281,REQ-00281,20240901,20240929,1,1,5,Filled,Glints,85,28,11,2,1,3000000,28,1,EMP00719
282,REQ-00282,20240902,20241004,4,16,1,Filled,Referral,13,3,3,1,1,4200000,32,1,EMP00715
283,REQ-00283,20240903,20241103,1,1,2,Filled,LinkedIn,77,15,9,1,1,3850000,61,1,EMP00724
284,REQ-00284,20240906,20241014,1,1,1,Filled,Headhunter/Agency,5,1,1,1,1,13960000,38,1,EMP00710
285,REQ-00285,20240907,20240919,8,37,1,Filled,Kalibrr,58,22,10,1,1,2850000,12,1,EMP00712
286,REQ-00286,20240908,20241013,1,1,1,Filled,LinkedIn,65,25,3,1,1,3100000,35,1,EMP00725
287,REQ-00287,20240913,20240927,8,36,5,Filled,LinkedIn,67,23,11,1,1,3550000,14,1,EMP00706
288,REQ-00288,20240917,20241024,3,12,4,Filled,LinkedIn,75,29,5,2,1,4150000,37,1,EMP00726
289,REQ-00289,20240918,20241001,2,7,2,Filled,LinkedIn,61,15,4,1,1,3550000,13,1,EMP00700
290,REQ-00290,20240920,20241209,3,11,1,Filled,Jobstreet,126,30,6,1,1,2550000,80,1,EMP00734
291,REQ-00291,20240920,20241001,8,36,2,Filled,LinkedIn,70,23,11,1,1,3400000,11,1,EMP00701
292,REQ-00292,20240922,20240930,7,31,2,Filled,Jobstreet,99,23,8,1,1,3300000,8,1,EMP00709
293,REQ-00293,20240922,20241006,3,11,1,Filled,Jobstreet,112,23,3,2,1,2250000,14,1,EMP00704
294,REQ-00294,20240922,20241128,4,16,6,Filled,Kalibrr,54,17,10,2,1,1500000,67,1,EMP00744
295,REQ-00295,20240923,,8,36,1,Cancelled,Jobstreet,118,26,9,0,0,2850000,,0,
296,REQ-00296,20240923,20241126,3,11,1,Filled,Kalibrr,62,23,10,2,1,2550000,64,1,EMP00735
297,REQ-00297,20240923,20241012,6,26,3,Filled,Headhunter/Agency,8,2,2,1,1,16790000,19,1,EMP00717
298,REQ-00298,20241002,20241116,1,1,4,Filled,Headhunter/Agency,10,3,3,1,1,15060000,45,1,EMP00738
299,REQ-00299,20241002,20241021,1,1,3,Filled,Jobstreet,108,38,4,2,1,2250000,19,1,EMP00730
300,REQ-00300,20241005,20241017,7,31,1,Filled,LinkedIn,69,15,6,1,1,3700000,12,1,EMP00721
301,REQ-00301,20241006,20241101,7,31,2,Filled,Kalibrr,64,13,7,1,1,1650000,26,1,EMP00732
302,REQ-00302,20241006,20241129,2,6,1,Filled,LinkedIn,66,15,6,1,1,3700000,54,1,EMP00740
303,REQ-00303,20241006,,6,26,1,Cancelled,Company Website,35,7,3,0,0,750000,,0,
304,REQ-00304,20241007,20241028,7,32,2,Filled,Company Website,35,13,6,1,1,1800000,21,1,EMP00733
305,REQ-00305,20241009,20241105,1,1,3,Filled,LinkedIn,78,28,9,1,1,2800000,27,1,EMP00728
306,REQ-00306,20241012,20241120,8,36,1,Filled,LinkedIn,71,23,3,1,1,4150000,39,1,EMP00742
307,REQ-00307,20241013,,7,31,1,Cancelled,LinkedIn,65,18,7,0,0,3400000,,0,
308,REQ-00308,20241015,20241108,8,36,6,Filled,Jobstreet,139,33,10,1,1,3000000,24,1,EMP00727
309,REQ-00309,20241015,,8,36,1,Cancelled,Campus Hiring,151,51,6,0,0,4300000,,0,
310,REQ-00310,20241021,20241111,7,32,1,Filled,Referral,9,2,2,2,1,4200000,21,1,EMP00723
311,REQ-00311,20241024,20241123,7,32,1,Filled,Jobstreet,110,37,6,2,1,2850000,30,1,EMP00737
312,REQ-00312,20241024,20241202,1,1,1,Filled,LinkedIn,77,18,7,2,1,3550000,39,1,EMP00736
313,REQ-00313,20241026,20241109,8,37,1,Filled,LinkedIn,86,28,3,1,1,3250000,14,1,EMP00729
314,REQ-00314,20241030,20241108,7,31,2,Filled,Glints,85,21,6,2,1,2100000,9,1,EMP00720
315,REQ-00315,20241031,20241202,8,36,1,Filled,Referral,12,2,2,1,1,3750000,32,1,EMP00739
316,REQ-00316,20241031,20241211,1,1,6,Filled,Company Website,34,7,3,1,1,1650000,41,1,EMP00743
317,REQ-00317,20241104,20250101,3,12,1,Filled,LinkedIn,72,16,11,1,1,3550000,58,1,EMP00746
318,REQ-00318,20241113,20250223,6,26,5,Filled,LinkedIn,62,21,4,1,1,3100000,102,1,EMP00774
319,REQ-00319,20241114,20250111,3,11,5,Filled,Campus Hiring,169,45,6,1,1,5200000,58,1,EMP00747
320,REQ-00320,20241114,20241128,7,32,2,Filled,Referral,16,5,5,1,1,4050000,14,1,EMP00741
321,REQ-00321,20241115,20241219,8,40,6,Filled,Referral,9,3,3,1,1,3600000,34,1,EMP00748
322,REQ-00322,20241122,20250106,3,11,3,Filled,Kalibrr,61,18,3,1,1,2700000,45,1,EMP00771
323,REQ-00323,20241125,20241226,7,33,1,Filled,LinkedIn,81,21,7,1,1,4150000,31,1,EMP00754
324,REQ-00324,20241128,20250117,1,1,2,Filled,LinkedIn,57,13,6,1,1,3400000,50,1,EMP00764
325,REQ-00325,20241129,20250203,7,34,1,Filled,Headhunter/Agency,4,1,1,1,1,52790000,66,1,EMP00761
326,REQ-00326,20241201,20241213,7,31,2,Filled,Glints,82,18,10,1,1,3150000,12,1,EMP00751
327,REQ-00327,20241201,20241222,3,11,2,Filled,Glints,79,26,6,2,1,2700000,21,1,EMP00753
328,REQ-00328,20241205,20250118,7,31,1,Filled,Referral,15,5,5,1,1,4050000,44,1,EMP00755
329,REQ-00330,20241206,20241217,8,36,3,Filled,Referral,12,2,2,1,1,3750000,11,1,EMP00752
330,REQ-00329,20241206,20250204,1,1,1,Filled,Jobstreet,84,21,8,2,1,2100000,60,1,EMP00772
331,REQ-00331,20241210,20250224,3,12,3,Filled,LinkedIn,70,21,7,1,1,3400000,76,1,EMP00778
332,REQ-00332,20241212,20241226,7,31,1,Filled,Company Website,43,12,8,2,1,900000,14,1,EMP00750
333,REQ-00333,20241217,20241224,8,37,3,Filled,Jobstreet,119,38,9,1,1,3300000,7,1,EMP00745
334,REQ-00334,20241217,20250205,3,11,3,Filled,Kalibrr,57,13,9,3,1,1500000,50,1,EMP00757
335,REQ-00335,20241221,20250119,8,36,6,Filled,Headhunter/Agency,5,1,1,1,1,11270000,29,1,EMP00759
336,REQ-00336,20241223,20250114,8,37,1,Filled,Jobstreet,108,39,11,1,1,3000000,22,1,EMP00767
337,REQ-00337,20241223,,8,36,1,Cancelled,Company Website,27,7,4,0,0,1650000,,0,
338,REQ-00338,20241226,20250202,3,12,1,Filled,Jobstreet,99,26,9,2,1,2100000,38,1,EMP00769
339,REQ-00339,20241227,20250128,1,1,6,Filled,Referral,16,6,5,2,1,4200000,32,1,EMP00758
340,REQ-00340,20241228,20250216,6,26,3,Filled,Jobstreet,87,31,10,1,1,3450000,50,1,EMP00775
341,REQ-00341,20241229,20250201,1,2,1,Filled,LinkedIn,83,29,5,1,1,3550000,34,1,EMP00765
342,REQ-00342,20250106,,2,6,1,Cancelled,Company Website,46,12,6,0,0,750000,,0,
343,REQ-00344,20250108,20250115,8,37,1,Filled,Headhunter/Agency,9,2,2,1,1,24030000,7,1,EMP00749
344,REQ-00343,20250108,20250121,1,2,1,Filled,Glints,99,25,10,1,1,1950000,13,1,EMP00760
345,REQ-00345,20250111,20250205,7,31,1,Filled,Jobstreet,120,38,5,1,1,2550000,25,1,EMP00768
346,REQ-00346,20250112,20250201,7,31,2,Filled,Kalibrr,51,14,7,2,1,2400000,20,1,EMP00763
347,REQ-00347,20250114,20250129,8,36,5,Filled,Referral,15,4,3,1,1,3900000,15,1,EMP00770
348,REQ-00348,20250115,20250127,3,11,2,Filled,Referral,14,4,4,1,1,3600000,12,1,EMP00773
349,REQ-00349,20250123,20250217,1,1,1,Filled,Referral,6,2,2,1,1,3450000,25,1,EMP00756
350,REQ-00350,20250123,20250130,7,31,1,Filled,Jobstreet,115,32,7,2,1,2400000,7,1,EMP00766
351,REQ-00351,20250125,20250209,8,36,1,Filled,Company Website,42,15,4,1,1,1200000,15,1,EMP00762
352,REQ-00352,20250208,20250309,7,31,3,Filled,Headhunter/Agency,10,2,2,2,1,12870000,29,1,EMP00777
353,REQ-00353,20250210,,7,31,1,Cancelled,LinkedIn,64,22,11,1,0,3400000,,0,
354,REQ-00354,20250211,,1,1,1,Cancelled,Headhunter/Agency,8,2,2,0,0,14300000,,0,
355,REQ-00355,20250216,20250316,8,36,1,Filled,Glints,91,27,9,1,1,1950000,28,1,EMP00784
356,REQ-00356,20250224,,8,36,1,Cancelled,Headhunter/Agency,5,1,1,0,0,15500000,,0,
357,REQ-00357,20250225,,7,31,1,Cancelled,Jobstreet,124,49,4,1,0,3300000,,0,
358,REQ-00358,20250228,20250308,8,36,2,Filled,Glints,80,16,6,1,1,1800000,8,1,EMP00776
359,REQ-00360,20250301,20250406,2,6,5,Filled,Campus Hiring,164,53,5,2,1,5050000,36,1,EMP00779
360,REQ-00359,20250301,,6,26,1,Cancelled,Glints,88,32,6,0,0,1950000,,0,
361,REQ-00361,20250303,20250416,3,11,1,Filled,Company Website,28,6,6,2,1,600000,44,1,EMP00785
362,REQ-00362,20250306,20250430,2,7,2,Filled,Campus Hiring,173,64,9,1,1,4750000,55,1,EMP00786
363,REQ-00363,20250314,20250508,1,1,1,Filled,Jobstreet,107,42,11,1,1,3000000,55,1,EMP00789
364,REQ-00364,20250316,20250422,1,1,5,Filled,LinkedIn,73,27,11,1,1,2950000,37,1,EMP00788
365,REQ-00365,20250317,20250402,5,21,4,Filled,LinkedIn,76,27,7,1,1,3550000,16,1,EMP00781
366,REQ-00366,20250319,20250627,3,11,1,Filled,Jobstreet,120,31,3,1,1,2100000,100,1,EMP00807
367,REQ-00367,20250320,20250402,8,38,4,Filled,Glints,91,24,11,1,1,2550000,13,1,EMP00780
368,REQ-00368,20250322,20250412,7,31,4,Filled,Kalibrr,60,14,6,1,1,2850000,21,1,EMP00783
369,REQ-00369,20250323,,3,11,1,Cancelled,Campus Hiring,152,45,6,1,0,4600000,,0,
370,REQ-00370,20250324,20250418,7,31,1,Filled,LinkedIn,66,23,6,1,1,3700000,25,1,EMP00792
371,REQ-00371,20250330,20250406,7,33,1,Filled,Jobstreet,108,25,3,1,1,2850000,7,1,EMP00782
372,REQ-00372,20250403,20250622,1,2,1,Filled,Kalibrr,55,14,4,2,1,1500000,80,1,EMP00809
373,REQ-00373,20250406,,1,1,1,Cancelled,Kalibrr,59,19,8,0,0,2550000,,0,
374,REQ-00374,20250408,20250605,4,18,1,Filled,Referral,12,3,3,1,1,3450000,58,1,EMP00802
375,REQ-00375,20250410,20250501,7,31,5,Filled,Referral,13,3,3,1,1,3450000,21,1,EMP00787
376,REQ-00376,20250416,20250423,8,36,1,Filled,Jobstreet,107,35,8,1,1,2250000,7,1,EMP00790
377,REQ-00377,20250417,20250629,1,1,1,Filled,Jobstreet,127,39,5,1,1,3450000,73,1,EMP00810
378,REQ-00378,20250417,20250504,8,37,5,Filled,LinkedIn,74,16,10,1,1,4150000,17,1,EMP00801
379,REQ-00379,20250421,20250514,8,39,1,Filled,LinkedIn,36,12,7,1,1,4000000,23,1,EMP00803
380,REQ-00380,20250423,20250524,7,32,4,Filled,Kalibrr,61,20,11,3,1,1800000,31,1,EMP00795
381,REQ-00381,20250425,20250704,1,1,3,Filled,Jobstreet,110,39,4,2,1,2700000,70,1,EMP00815
382,REQ-00382,20250427,20250604,3,11,1,Filled,LinkedIn,70,15,11,1,1,4150000,38,1,EMP00794
383,REQ-00383,20250503,20250515,2,6,6,Filled,Referral,5,1,1,1,1,4350000,12,1,EMP00791
384,REQ-00384,20250504,20250525,1,2,3,Filled,LinkedIn,68,24,9,2,1,2950000,21,1,EMP00797
385,REQ-00385,20250508,20250613,1,1,1,Filled,Referral,11,2,2,1,1,4050000,36,1,EMP00796
386,REQ-00386,20250508,20250812,3,11,3,Filled,Headhunter/Agency,3,1,1,2,1,21220000,96,1,EMP00830
387,REQ-00387,20250510,20250609,7,31,2,Filled,LinkedIn,67,22,4,2,1,3700000,30,1,EMP00799
388,REQ-00388,20250510,20250705,3,12,1,Filled,Company Website,33,7,6,3,1,1500000,56,1,EMP00814
389,REQ-00389,20250512,20250715,3,11,1,Filled,LinkedIn,85,26,4,2,1,3550000,64,1,EMP00825
390,REQ-00390,20250513,20250529,7,31,3,Filled,Referral,17,6,6,1,1,3750000,16,1,EMP00798
391,REQ-00391,20250513,20250528,8,36,3,Filled,Campus Hiring,140,54,4,1,1,4300000,15,1,EMP00793
392,REQ-00392,20250515,20250630,7,31,5,Filled,Jobstreet,103,25,7,2,1,3450000,46,1,EMP00812
393,REQ-00393,20250522,20250607,8,36,4,Filled,Jobstreet,113,28,8,1,1,2400000,16,1,EMP00800
394,REQ-00394,20250601,20250612,7,31,3,Filled,Jobstreet,107,22,3,1,1,2550000,11,1,EMP00806
395,REQ-00395,20250605,20250618,8,36,5,Filled,Referral,7,1,1,1,1,4350000,13,1,EMP00804
396,REQ-00396,20250606,20250731,1,1,1,Filled,Jobstreet,147,54,7,2,1,2250000,55,1,EMP00822
397,REQ-00397,20250611,20250626,7,31,4,Filled,Jobstreet,102,22,4,1,1,2400000,15,1,EMP00813
398,REQ-00398,20250613,20250714,1,1,5,Filled,Referral,11,2,2,1,1,4200000,31,1,EMP00816
399,REQ-00399,20250615,20250704,7,32,6,Filled,Jobstreet,120,40,6,2,1,2100000,19,1,EMP00808
400,REQ-00400,20250615,,2,6,1,Cancelled,Campus Hiring,133,39,9,1,0,4750000,,0,
401,REQ-00401,20250616,20250703,2,6,1,Filled,Glints,93,26,10,1,1,1950000,17,1,EMP00811
402,REQ-00402,20250617,20250728,6,27,1,Filled,LinkedIn,68,19,9,2,1,4150000,41,1,EMP00818
403,REQ-00403,20250619,20250720,5,23,3,Filled,Kalibrr,55,16,8,2,1,1650000,31,1,EMP00805
404,REQ-00405,20250629,20250721,6,26,1,Filled,Headhunter/Agency,9,2,2,1,1,16210000,22,1,EMP00820
405,REQ-00404,20250629,20250719,1,1,1,Filled,LinkedIn,64,21,10,1,1,3400000,20,1,EMP00817
406,REQ-00406,20250705,20250714,8,36,3,Filled,Jobstreet,118,37,3,1,1,2700000,9,1,EMP00819
407,REQ-00407,20250707,20250817,1,1,3,Filled,Jobstreet,113,44,4,1,1,2100000,41,1,EMP00821
408,REQ-00408,20250717,20250808,3,11,4,Filled,LinkedIn,76,29,7,1,1,3700000,22,1,EMP00824
409,REQ-00409,20250718,20250821,2,7,1,Filled,Company Website,43,12,7,1,1,1200000,34,1,EMP00831
410,REQ-00410,20250719,20250828,3,14,1,Filled,Headhunter/Agency,8,2,2,1,1,66670000,40,1,EMP00826
411,REQ-00411,20250720,20250904,7,32,1,Filled,Campus Hiring,136,52,5,1,1,4450000,46,1,EMP00832
412,REQ-00412,20250721,20250831,3,12,2,Filled,Campus Hiring,177,63,8,1,1,5350000,41,1,EMP00828
413,REQ-00413,20250729,20250816,7,31,1,Filled,Headhunter/Agency,10,2,2,2,1,14170000,18,1,EMP00827
414,REQ-00414,20250803,20250811,8,36,5,Filled,Jobstreet,100,25,10,2,1,2850000,8,1,EMP00823
415,REQ-00415,20250804,20250907,3,11,3,Filled,Glints,89,21,4,1,1,2700000,34,1,EMP00829
416,REQ-00416,20250806,20251016,5,21,1,Filled,Referral,11,3,3,1,1,3750000,71,1,EMP00843
417,REQ-00417,20250808,20250906,7,32,1,Filled,Jobstreet,108,27,7,1,1,2250000,29,1,EMP00834
418,REQ-00418,20250810,,3,11,1,Cancelled,Jobstreet,118,44,11,0,0,2100000,,0,
419,REQ-00419,20250817,,1,1,1,Cancelled,Referral,9,2,2,0,0,3900000,,0,
420,REQ-00420,20250820,20250928,8,37,5,Filled,Jobstreet,109,23,4,2,1,2100000,39,1,EMP00841
421,REQ-00421,20250823,20250916,7,32,4,Filled,Glints,99,30,9,1,1,1950000,24,1,EMP00838
422,REQ-00422,20250824,20250909,7,32,6,Filled,Glints,64,22,4,1,1,2550000,16,1,EMP00833
423,REQ-00423,20250827,20250926,6,28,4,Filled,Glints,87,21,7,1,1,2100000,30,1,EMP00836
424,REQ-00424,20250902,20251008,3,11,5,Filled,Referral,10,2,2,1,1,4200000,36,1,EMP00839
425,REQ-00425,20250902,20250913,7,31,6,Filled,Campus Hiring,153,44,7,1,1,4600000,11,1,EMP00840
426,REQ-00426,20250903,20251009,2,6,2,Filled,Glints,91,21,8,2,1,1950000,36,1,EMP00845
427,REQ-00427,20250904,20250927,8,36,1,Filled,Campus Hiring,146,57,7,1,1,4600000,23,1,EMP00835
428,REQ-00428,20250906,20250928,8,36,3,Filled,LinkedIn,61,21,4,2,1,3850000,22,1,EMP00837
429,REQ-00429,20250910,20251119,3,11,3,Filled,Referral,11,2,2,1,1,4050000,70,1,EMP00860
430,REQ-00430,20250911,20251107,2,7,1,Filled,Glints,73,19,8,1,1,2400000,57,1,EMP00853
431,REQ-00431,20250915,20251025,8,36,1,Filled,Campus Hiring,159,55,4,1,1,5500000,40,1,EMP00850
432,REQ-00432,20250916,20251112,3,11,1,Filled,Headhunter/Agency,12,2,2,2,1,19850000,57,1,EMP00847
433,REQ-00433,20250917,20251008,1,1,3,Filled,Campus Hiring,156,42,9,1,1,4600000,21,1,EMP00842
434,REQ-00434,20250919,20251012,1,1,3,Filled,LinkedIn,61,15,6,1,1,2950000,23,1,EMP00848
435,REQ-00435,20250920,20251012,4,18,1,Filled,Company Website,49,18,9,2,1,1200000,22,1,EMP00851
436,REQ-00436,20250925,20251028,7,31,1,Filled,Kalibrr,64,14,3,1,1,2250000,33,1,EMP00844
437,REQ-00437,20250929,20251107,7,35,2,Filled,Referral,5,1,1,2,1,3750000,39,1,EMP00854
438,REQ-00438,20250929,20251108,2,7,1,Filled,LinkedIn,69,17,6,2,1,3850000,40,1,EMP00846
439,REQ-00439,20251006,20251022,1,2,2,Filled,Jobstreet,123,35,5,1,1,3300000,16,1,EMP00849
440,REQ-00440,20251009,20251119,1,1,1,Filled,Company Website,48,15,8,1,1,1350000,41,1,EMP00862
441,REQ-00441,20251014,,8,37,1,Open,Referral,10,3,3,0,0,4050000,,0,
442,REQ-00442,20251014,,8,38,2,Open,LinkedIn,79,25,10,1,0,3550000,,0,
443,REQ-00443,20251021,,2,7,3,Open,Headhunter/Agency,6,1,1,1,0,16450000,,0,
444,REQ-00444,20251022,20251105,8,37,1,Filled,LinkedIn,63,21,6,1,1,3850000,14,1,EMP00852
445,REQ-00445,20251028,,8,37,3,Open,Referral,12,4,4,1,0,3600000,,0,
446,REQ-00446,20251028,,8,37,1,Open,Headhunter/Agency,11,2,2,0,0,16750000,,0,
447,REQ-00447,20251028,,7,32,3,Open,Kalibrr,48,12,3,0,0,2250000,,0,
448,REQ-00448,20251029,20251111,1,2,5,Filled,Campus Hiring,153,58,7,1,1,5650000,13,1,EMP00863
449,REQ-00449,20251031,,7,33,3,Open,LinkedIn,68,18,11,1,0,2950000,,0,
450,REQ-00450,20251102,,6,27,3,Open,Kalibrr,75,19,3,0,0,1800000,,0,
451,REQ-00451,20251103,20251127,7,31,1,Filled,Referral,7,2,2,1,1,3900000,24,1,EMP00858
452,REQ-00452,20251104,20251210,1,1,2,Filled,Campus Hiring,132,30,5,1,1,4450000,36,1,EMP00855
453,REQ-00453,20251105,20251211,8,37,1,Filled,Kalibrr,53,20,7,1,1,2850000,36,1,EMP00857
454,REQ-00454,20251107,,3,11,2,Open,Referral,10,2,2,0,0,3450000,,0,
455,REQ-00455,20251107,20251213,3,11,5,Filled,Referral,9,2,2,1,1,3450000,36,1,EMP00861
456,REQ-00456,20251108,,6,27,2,Open,Headhunter/Agency,7,1,1,1,0,16450000,,0,
457,REQ-00457,20251108,,8,36,1,Open,Campus Hiring,168,55,7,0,0,4600000,,0,
458,REQ-00458,20251108,20251128,7,31,2,Filled,Referral,9,2,2,1,1,4200000,20,1,EMP00859
459,REQ-00459,20251108,,6,26,1,Open,LinkedIn,91,31,6,0,0,2950000,,0,
460,REQ-00460,20251109,,8,38,1,Open,Campus Hiring,164,40,3,0,0,4600000,,0,
461,REQ-00461,20251110,,8,38,2,Open,Company Website,44,15,5,0,0,1950000,,0,
462,REQ-00462,20251112,20251207,4,16,4,Filled,Referral,15,4,4,2,1,3900000,25,1,EMP00864
463,REQ-00463,20251116,,5,22,3,Open,Jobstreet,113,27,7,0,0,2100000,,0,
464,REQ-00464,20251117,,7,31,3,Open,Campus Hiring,142,42,7,1,0,5200000,,0,
465,REQ-00465,20251119,,7,32,2,Open,Campus Hiring,157,37,3,0,0,5200000,,0,
466,REQ-00466,20251121,,1,1,1,Open,LinkedIn,67,24,8,1,0,3550000,,0,
467,REQ-00467,20251123,,3,12,3,Open,Company Website,41,11,10,0,0,600000,,0,
468,REQ-00468,20251124,,7,33,3,Open,Jobstreet,114,24,4,0,0,2700000,,0,
469,REQ-00469,20251202,,1,1,3,Open,LinkedIn,73,23,10,0,0,2800000,,0,
470,REQ-00470,20251203,20251215,8,36,1,Filled,LinkedIn,83,17,8,1,1,3100000,12,1,EMP00856
471,REQ-00471,20251208,,4,16,2,Open,Glints,79,27,7,0,0,3000000,,0,
472,REQ-00472,20251210,,7,32,1,Open,LinkedIn,71,20,11,1,0,3400000,,0,
473,REQ-00473,20251212,,3,11,3,Open,Kalibrr,59,14,5,0,0,1500000,,0,
474,REQ-00474,20251213,,5,23,2,Open,Jobstreet,110,22,9,1,0,2100000,,0,
475,REQ-00475,20251220,,8,37,2,Open,Company Website,32,6,6,0,0,1350000,,0,
476,REQ-00476,20251222,,3,12,2,Open,Kalibrr,53,19,8,0,0,2100000,,0,
477,REQ-00477,20251223,,1,1,1,Open,Headhunter/Agency,5,1,1,0,0,16600000,,0,
