engagement_key,response_id,date_key,employee_key,department_key,location_key,survey_year,engagement_score,work_life_balance,compensation_satisfaction,manager_support,career_growth,enps_score,enps_category
1,ENG2023-00001,20231021,2,7,1,2023,3.8,3.6,3.7,3.9,2.8,10.0,Promoter
2,ENG2023-00002,20231018,5,8,1,2023,3.3,2.8,3.3,3.9,3.1,9.0,Promoter
3,ENG2023-00003,20231019,6,1,1,2023,2.2,3.1,3.0,2.9,2.8,4.0,Detractor
4,ENG2023-00004,20231021,7,3,2,2023,3.2,4.2,2.9,3.2,2.4,8.0,Passive
5,ENG2023-00005,20231024,8,5,2,2023,4.0,3.0,2.5,3.9,3.3,8.0,Passive
6,ENG2023-00006,20231023,11,8,6,2023,4.6,3.8,3.6,4.5,3.5,9.0,Promoter
7,ENG2023-00007,20231024,13,2,2,2023,3.7,4.2,3.5,4.2,3.3,8.0,Passive
8,ENG2023-00008,20231025,15,4,1,2023,3.2,2.8,2.5,3.5,2.2,6.0,Detractor
9,ENG2023-00009,20231022,17,6,3,2023,2.9,3.5,2.6,3.1,3.5,8.0,Passive
10,ENG2023-00010,20231022,18,8,1,2023,3.0,3.5,3.1,3.3,3.5,8.0,Passive
11,ENG2023-00011,20231015,21,7,5,2023,3.4,3.2,3.1,3.6,3.2,9.0,Promoter
12,ENG2023-00012,20231027,22,1,3,2023,3.2,4.8,3.2,3.5,3.7,8.0,Passive
13,ENG2023-00013,20231016,24,8,1,2023,3.5,3.5,3.8,3.9,3.0,9.0,Promoter
14,ENG2023-00014,20231020,25,2,1,2023,3.7,4.0,3.5,4.3,4.0,9.0,Promoter
15,ENG2023-00015,20231018,26,8,4,2023,3.5,3.1,3.0,4.1,3.2,6.0,Detractor
16,ENG2023-00016,20231028,28,2,1,2023,3.4,3.4,3.0,3.6,3.9,8.0,Passive
17,ENG2023-00017,20231016,29,3,1,2023,3.5,3.1,3.2,4.2,3.4,8.0,Passive
18,ENG2023-00018,20231021,30,1,3,2023,4.6,5.0,4.6,4.4,4.2,10.0,Promoter
19,ENG2023-00019,20231017,31,2,4,2023,4.2,4.2,4.6,4.1,3.7,10.0,Promoter
20,ENG2023-00020,20231021,33,3,3,2023,2.9,2.4,2.6,2.7,2.4,7.0,Passive
21,ENG2023-00021,20231020,34,8,5,2023,4.8,3.5,3.0,4.9,3.8,,Invalid
22,ENG2023-00022,20231021,35,1,6,2023,3.0,3.2,3.3,3.0,3.0,5.0,Detractor
23,ENG2023-00023,20231026,37,1,1,2023,4.6,5.0,4.8,5.0,4.7,10.0,Promoter
24,ENG2023-00024,20231024,38,3,1,2023,3.0,3.4,3.2,3.2,3.7,7.0,Passive
25,ENG2023-00025,20231015,39,4,3,2023,2.1,2.7,2.1,2.4,2.3,5.0,Detractor
26,ENG2023-00026,20231018,40,3,5,2023,3.5,3.9,3.9,4.8,3.6,10.0,Promoter
27,ENG2023-00027,20231017,41,7,1,2023,2.8,2.4,1.8,3.2,2.2,5.0,Detractor
28,ENG2023-00028,20231023,42,2,4,2023,3.1,2.9,2.5,4.0,3.4,6.0,Detractor
29,ENG2023-00029,20231019,43,5,1,2023,3.5,3.6,2.8,4.0,3.4,8.0,Passive
30,ENG2023-00030,20231028,44,6,2,2023,3.5,3.7,2.9,3.8,2.6,7.0,Passive
31,ENG2023-00031,20231020,46,7,2,2023,3.7,3.3,3.6,4.1,3.8,7.0,Passive
32,ENG2023-00032,20231023,47,7,4,2023,3.9,3.2,3.7,4.5,3.5,8.0,Passive
33,ENG2023-00033,20231022,48,7,5,2023,3.0,3.0,2.6,2.8,2.5,8.0,Passive
34,ENG2023-00034,20231023,50,3,1,2023,4.0,3.9,3.7,4.2,3.9,10.0,Promoter
35,ENG2023-00035,20231018,51,7,1,2023,3.7,3.5,3.2,3.8,3.4,9.0,Promoter
36,ENG2023-00036,20231028,53,7,1,2023,3.0,2.9,2.7,2.5,2.9,5.0,Detractor
37,ENG2023-00037,20231023,55,8,1,2023,3.4,3.7,3.2,4.9,3.7,8.0,Passive
38,ENG2023-00038,20231024,57,4,1,2023,3.5,2.9,1.9,3.1,2.6,4.0,Detractor
39,ENG2023-00039,20231028,58,4,3,2023,4.4,4.6,4.3,5.0,4.1,10.0,Promoter
40,ENG2023-00040,20231022,59,3,1,2023,3.8,4.1,3.1,4.0,2.9,10.0,Promoter
41,ENG2023-00041,20231025,60,3,1,2023,3.5,3.6,3.3,3.7,3.5,8.0,Passive
42,ENG2023-00042,20231025,61,4,3,2023,4.0,3.9,3.8,4.8,3.5,8.0,Passive
43,ENG2023-00043,20231019,62,2,4,2023,3.2,2.8,2.8,3.5,3.2,8.0,Passive
44,ENG2023-00044,20231015,63,3,5,2023,2.6,3.6,3.1,4.2,4.3,10.0,Promoter
45,ENG2023-00045,20231019,64,7,1,2023,4.3,3.4,3.5,4.4,3.6,10.0,Promoter
46,ENG2023-00046,20231024,67,7,6,2023,3.9,3.5,3.7,3.9,3.6,9.0,Promoter
47,ENG2023-00047,20231026,69,5,6,2023,3.4,3.9,3.3,3.8,3.3,8.0,Passive
48,ENG2023-00048,20231025,71,1,2,2023,2.9,2.9,2.2,3.5,2.3,6.0,Detractor
49,ENG2023-00049,20231019,72,5,1,2023,4.2,4.4,4.1,4.2,3.5,10.0,Promoter
50,ENG2023-00050,20231023,73,3,1,2023,5.0,4.6,4.1,4.7,4.3,10.0,Promoter
51,ENG2023-00051,20231026,74,8,2,2023,2.7,3.3,2.9,2.5,3.4,,Invalid
52,ENG2023-00052,20231018,75,4,6,2023,2.5,2.2,1.3,2.6,2.1,1.0,Detractor
53,ENG2023-00053,20231019,77,5,1,2023,3.2,3.1,2.2,2.6,3.0,6.0,Detractor
54,ENG2023-00054,20231023,80,7,2,2023,4.4,3.8,3.4,3.9,4.1,9.0,Promoter
55,ENG2023-00055,20231021,81,1,6,2023,4.0,5.0,4.1,4.3,4.2,10.0,Promoter
56,ENG2023-00056,20231028,82,2,1,2023,4.2,4.0,4.0,3.9,3.3,8.0,Passive
57,ENG2023-00057,20231021,83,6,2,2023,3.0,2.9,2.5,2.8,2.8,7.0,Passive
58,ENG2023-00058,20231022,84,4,3,2023,3.7,2.9,3.0,2.8,3.1,8.0,Passive
59,ENG2023-00059,20231018,85,7,1,2023,1.6,2.3,1.4,1.9,2.8,3.0,Detractor
60,ENG2023-00060,20231021,86,3,1,2023,3.1,4.2,3.6,3.6,3.4,7.0,Passive
61,ENG2023-00061,20231024,91,7,1,2023,3.8,4.0,3.9,3.6,3.3,9.0,Promoter
62,ENG2023-00062,20231020,92,5,3,2023,3.7,3.0,2.5,1.6,1.9,6.0,Detractor
63,ENG2023-00063,20231025,93,2,1,2023,3.4,3.1,3.1,3.3,2.5,6.0,Detractor
64,ENG2023-00064,20231017,94,2,1,2023,4.2,3.9,3.0,4.5,4.0,10.0,Promoter
65,ENG2023-00065,20231018,95,1,2,2023,3.7,3.0,3.1,3.6,3.6,9.0,Promoter
66,ENG2023-00066,20231019,96,2,1,2023,5.0,4.9,3.8,5.0,4.2,10.0,Promoter
67,ENG2023-00067,20231017,97,3,3,2023,3.8,4.0,2.8,3.7,3.7,7.0,Passive
68,ENG2023-00068,20231017,98,8,1,2023,2.5,2.3,1.0,2.5,2.6,6.0,Detractor
69,ENG2023-00069,20231019,99,7,6,2023,4.3,4.1,4.1,3.9,3.2,7.0,Passive
70,ENG2023-00070,20231028,100,1,3,2023,3.0,3.9,3.1,2.9,3.0,8.0,Passive
71,ENG2023-00071,20231027,101,7,5,2023,4.1,3.2,3.3,3.2,3.4,6.0,Detractor
72,ENG2023-00072,20231016,103,7,2,2023,3.4,4.4,3.0,3.7,3.6,8.0,Passive
73,ENG2023-00073,20231017,104,2,1,2023,3.8,3.8,3.5,4.0,2.8,8.0,Passive
74,ENG2023-00074,20231019,105,8,3,2023,3.1,3.7,3.2,3.0,3.1,5.0,Detractor
75,ENG2023-00075,20231021,106,8,3,2023,3.8,3.4,2.8,3.8,3.2,6.0,Detractor
76,ENG2023-00076,20231027,108,4,3,2023,3.2,3.3,2.7,3.4,3.2,8.0,Passive
77,ENG2023-00077,20231020,109,5,1,2023,3.8,4.1,2.9,3.5,3.9,9.0,Promoter
78,ENG2023-00078,20231021,111,1,1,2023,2.7,3.3,2.3,3.0,2.3,6.0,Detractor
79,ENG2023-00079,20231024,112,2,3,2023,2.5,2.8,2.5,2.8,2.5,7.0,Passive
80,ENG2023-00080,20231015,114,1,1,2023,3.3,3.9,2.9,2.5,2.2,6.0,Detractor
81,ENG2023-00081,20231026,115,3,1,2023,4.4,3.9,2.9,4.1,3.3,7.0,Passive
82,ENG2023-00082,20231024,116,1,1,2023,4.4,3.9,3.3,4.1,4.0,8.0,Passive
83,ENG2023-00083,20231023,118,7,5,2023,2.9,2.9,2.6,3.2,2.2,7.0,Passive
84,ENG2023-00084,20231026,120,2,4,2023,3.4,2.7,2.7,2.7,3.5,10.0,Promoter
85,ENG2023-00085,20231024,121,3,1,2023,2.8,2.2,1.9,2.8,2.2,4.0,Detractor
86,ENG2023-00086,20231026,122,7,5,2023,4.0,3.9,2.4,3.7,2.7,6.0,Detractor
87,ENG2023-00087,20231018,123,3,2,2023,3.3,4.1,2.8,4.3,3.5,8.0,Passive
88,ENG2023-00088,20231015,126,8,1,2023,2.9,2.8,1.1,1.7,3.0,5.0,Detractor
89,ENG2023-00089,20231027,127,1,6,2023,3.0,3.1,2.9,3.8,2.7,4.0,Detractor
90,ENG2023-00090,20231022,128,4,2,2023,3.3,3.2,2.2,2.9,4.0,6.0,Detractor
91,ENG2023-00091,20231025,129,6,1,2023,3.2,3.9,2.9,3.2,3.3,8.0,Passive
92,ENG2023-00092,20231026,131,1,1,2023,3.7,3.1,3.4,3.8,3.2,10.0,Promoter
93,ENG2023-00093,20231017,132,3,1,2023,3.9,3.5,2.6,3.3,3.0,8.0,Passive
94,ENG2023-00094,20231016,133,1,1,2023,4.3,4.6,3.2,4.3,3.1,8.0,Passive
95,ENG2023-00095,20231018,135,1,1,2023,2.6,2.9,2.6,3.1,2.6,5.0,Detractor
96,ENG2023-00096,20231022,136,7,2,2023,4.7,3.6,4.3,5.0,3.7,9.0,Promoter
97,ENG2023-00097,20231016,137,1,3,2023,2.7,4.3,3.2,3.1,3.7,4.0,Detractor
98,ENG2023-00098,20231022,139,7,4,2023,4.7,4.3,3.9,4.5,3.8,9.0,Promoter
99,ENG2023-00099,20231020,140,8,1,2023,3.0,2.7,2.3,3.9,2.7,8.0,Passive
100,ENG2023-00100,20231023,141,1,3,2023,4.7,3.3,3.7,4.2,3.5,7.0,Passive
101,ENG2023-00101,20231024,142,8,2,2023,2.8,3.3,2.9,2.5,1.8,7.0,Passive
102,ENG2023-00102,20231021,143,7,4,2023,4.3,3.8,3.6,4.0,3.8,9.0,Promoter
103,ENG2023-00103,20231022,148,7,1,2023,4.8,4.4,4.1,4.5,4.7,10.0,Promoter
104,ENG2023-00104,20231027,149,1,5,2023,3.3,3.3,3.3,3.5,3.3,9.0,Promoter
105,ENG2023-00105,20231016,150,7,5,2023,3.2,2.1,2.7,3.5,2.0,4.0,Detractor
106,ENG2023-00106,20231021,152,6,1,2023,3.6,3.9,2.7,3.5,3.4,4.0,Detractor
107,ENG2023-00107,20231024,153,7,1,2023,4.8,4.8,4.5,5.0,4.4,10.0,Promoter
108,ENG2023-00108,20231026,154,1,1,2023,3.5,3.7,3.4,3.5,3.1,8.0,Passive
109,ENG2023-00109,20231021,155,4,2,2023,4.1,2.9,2.5,3.2,2.8,4.0,Detractor
110,ENG2023-00110,20231016,156,1,6,2023,4.0,3.7,3.9,3.8,3.4,8.0,Passive
111,ENG2023-00111,20231020,157,1,1,2023,4.7,3.4,3.6,4.4,3.6,10.0,Promoter
112,ENG2023-00112,20231015,162,4,1,2023,3.5,3.9,3.7,3.3,3.4,7.0,Passive
113,ENG2023-00113,20231021,165,5,2,2023,3.5,2.8,2.0,3.6,3.1,6.0,Detractor
114,ENG2023-00114,20231025,166,6,1,2023,2.7,2.0,2.7,1.8,2.3,3.0,Detractor
115,ENG2023-00115,20231021,167,8,1,2023,2.4,2.7,2.1,2.3,2.6,6.0,Detractor
116,ENG2023-00116,20231017,168,2,1,2023,4.7,4.7,4.1,4.6,4.5,10.0,Promoter
117,ENG2023-00117,20231015,169,1,1,2023,2.8,3.2,1.8,2.9,3.1,4.0,Detractor
118,ENG2023-00118,20231017,170,1,6,2023,5.0,4.5,4.1,4.8,3.7,10.0,Promoter
119,ENG2023-00119,20231020,171,7,6,2023,3.8,3.9,2.8,3.4,3.1,9.0,Promoter
120,ENG2023-00120,20231017,172,7,1,2023,3.7,2.9,2.9,2.9,2.6,5.0,Detractor
121,ENG2023-00121,20231016,173,7,1,2023,2.6,3.4,3.2,3.9,2.3,8.0,Passive
122,ENG2023-00122,20231019,174,8,1,2023,2.9,3.3,2.8,3.7,2.9,6.0,Detractor
123,ENG2023-00123,20231020,175,8,3,2023,2.0,2.4,2.4,3.1,2.3,5.0,Detractor
124,ENG2023-00124,20231027,176,3,1,2023,3.3,3.0,3.2,3.9,3.7,7.0,Passive
125,ENG2023-00125,20231025,177,1,1,2023,3.8,4.0,3.2,4.7,3.9,9.0,Promoter
126,ENG2023-00126,20231017,178,7,1,2023,3.9,3.6,2.9,3.2,3.5,10.0,Promoter
127,ENG2023-00127,20231020,179,1,1,2023,3.4,4.4,4.0,4.1,4.4,10.0,Promoter
128,ENG2023-00128,20231028,181,1,1,2023,2.4,3.7,2.9,3.1,3.5,7.0,Passive
129,ENG2023-00129,20231016,182,7,1,2023,4.4,3.5,3.5,4.9,3.6,10.0,Promoter
130,ENG2023-00130,20231016,183,5,2,2023,3.1,3.4,3.1,3.2,3.1,8.0,Passive
131,ENG2023-00131,20231025,184,8,1,2023,3.6,3.2,3.6,3.8,3.9,6.0,Detractor
132,ENG2023-00132,20231026,186,7,2,2023,5.0,3.9,4.6,4.5,4.1,10.0,Promoter
133,ENG2023-00133,20231026,187,8,3,2023,4.3,4.3,4.4,4.0,3.6,8.0,Passive
134,ENG2023-00134,20231015,188,4,1,2023,3.1,4.0,3.6,3.4,3.6,10.0,Promoter
135,ENG2023-00135,20231026,189,3,1,2023,2.8,2.9,2.9,3.2,2.9,8.0,Passive
136,ENG2023-00136,20231015,190,7,5,2023,3.3,3.0,3.3,3.2,3.2,7.0,Passive
137,ENG2023-00137,20231015,191,4,1,2023,2.9,3.6,3.6,3.9,3.3,6.0,Detractor
138,ENG2023-00138,20231017,193,1,1,2023,2.3,2.5,2.3,2.7,2.2,5.0,Detractor
139,ENG2023-00139,20231019,195,7,1,2023,3.4,2.6,2.4,3.5,3.0,8.0,Passive
140,ENG2023-00140,20231015,197,6,3,2023,2.7,2.0,2.3,1.9,1.9,4.0,Detractor
141,ENG2023-00141,20231015,200,2,1,2023,2.5,2.4,2.4,2.6,2.6,6.0,Detractor
142,ENG2023-00142,20231024,201,5,5,2023,4.1,3.8,2.5,3.7,3.0,9.0,Promoter
143,ENG2023-00143,20231018,202,1,3,2023,3.4,3.2,3.3,3.7,2.8,8.0,Passive
144,ENG2023-00144,20231024,203,7,1,2023,3.1,3.2,2.2,3.9,3.5,8.0,Passive
145,ENG2023-00145,20231022,204,1,1,2023,4.5,3.8,3.8,3.4,3.6,8.0,Passive
146,ENG2023-00146,20231018,205,8,4,2023,3.9,3.3,2.7,4.0,3.6,7.0,Passive
147,ENG2023-00147,20231027,208,3,2,2023,4.2,5.0,4.1,5.0,3.8,10.0,Promoter
148,ENG2023-00148,20231024,209,6,1,2023,5.0,4.2,4.0,4.3,4.2,10.0,Promoter
149,ENG2023-00149,20231026,210,7,1,2023,4.3,3.4,2.8,3.2,4.0,6.0,Detractor
150,ENG2023-00150,20231018,211,7,1,2023,3.9,3.8,3.1,4.2,4.2,9.0,Promoter
151,ENG2023-00151,20231018,212,3,6,2023,3.2,2.5,2.4,2.9,2.5,3.0,Detractor
152,ENG2023-00152,20231016,213,2,3,2023,3.7,3.2,2.3,2.8,3.1,6.0,Detractor
153,ENG2023-00153,20231028,214,8,1,2023,2.9,2.6,2.3,3.6,2.8,5.0,Detractor
154,ENG2023-00154,20231016,216,4,6,2023,4.0,4.7,3.1,3.5,3.2,9.0,Promoter
155,ENG2023-00155,20231026,217,5,1,2023,3.1,3.1,2.8,3.2,2.9,7.0,Passive
156,ENG2023-00156,20231018,219,3,1,2023,4.3,4.6,3.2,4.4,3.0,10.0,Promoter
157,ENG2023-00157,20231015,220,8,1,2023,2.6,2.9,2.8,3.4,3.0,6.0,Detractor
158,ENG2023-00158,20231015,221,7,3,2023,3.5,3.2,2.9,3.1,3.6,6.0,Detractor
159,ENG2023-00159,20231017,222,8,1,2023,3.5,3.2,2.8,3.2,1.9,7.0,Passive
160,ENG2023-00160,20231024,223,1,3,2023,3.8,4.1,2.7,3.7,3.1,7.0,Passive
161,ENG2023-00161,20231028,224,1,1,2023,3.1,2.7,2.5,2.8,3.1,4.0,Detractor
162,ENG2023-00162,20231026,225,1,6,2023,3.0,3.5,3.7,4.3,2.9,10.0,Promoter
163,ENG2023-00163,20231025,226,2,2,2023,4.6,4.7,5.0,4.6,4.9,10.0,Promoter
164,ENG2023-00164,20231016,227,2,4,2023,2.7,3.2,2.8,3.7,2.2,5.0,Detractor
165,ENG2023-00165,20231024,228,5,2,2023,2.9,2.6,2.3,3.3,1.9,6.0,Detractor
166,ENG2023-00166,20231017,229,7,1,2023,2.9,3.3,3.0,3.5,2.7,8.0,Passive
167,ENG2023-00167,20231025,230,8,1,2023,3.4,2.1,2.2,2.8,3.0,3.0,Detractor
168,ENG2023-00168,20231019,234,7,2,2023,3.8,3.5,3.6,3.6,3.2,10.0,Promoter
169,ENG2023-00169,20231017,236,6,1,2023,3.0,2.8,2.6,3.0,2.7,7.0,Passive
170,ENG2023-00170,20231027,237,6,4,2023,2.3,3.2,2.1,2.6,2.0,3.0,Detractor
171,ENG2023-00171,20231018,238,7,1,2023,4.3,3.0,2.7,3.8,2.7,8.0,Passive
172,ENG2023-00172,20231016,239,2,4,2023,5.0,5.0,5.0,5.0,5.0,10.0,Promoter
173,ENG2023-00173,20231021,241,8,1,2023,3.3,3.4,3.1,3.4,2.7,7.0,Passive
174,ENG2023-00174,20231021,243,7,1,2023,4.0,3.5,4.1,4.2,4.0,9.0,Promoter
175,ENG2023-00175,20231015,244,3,6,2023,3.5,3.1,3.0,3.0,3.9,7.0,Passive
176,ENG2023-00176,20231025,245,1,1,2023,3.5,4.1,2.5,3.0,3.1,9.0,Promoter
177,ENG2023-00177,20231028,246,8,1,2023,4.2,3.6,3.7,4.3,3.1,9.0,Promoter
178,ENG2023-00178,20231025,247,7,1,2023,2.0,2.1,2.8,2.8,2.1,7.0,Passive
179,ENG2023-00179,20231023,250,1,1,2023,4.6,4.4,3.6,4.8,4.0,10.0,Promoter
180,ENG2023-00180,20231015,253,8,6,2023,3.4,3.3,3.3,3.4,2.8,8.0,Passive
181,ENG2023-00181,20231018,255,1,3,2023,4.5,4.3,3.9,4.5,4.9,10.0,Promoter
182,ENG2023-00182,20231015,257,3,1,2023,4.2,4.2,3.7,4.1,3.5,9.0,Promoter
183,ENG2023-00183,20231018,260,8,1,2023,4.0,3.0,3.7,4.4,4.1,10.0,Promoter
184,ENG2023-00184,20231019,262,7,1,2023,3.1,3.2,4.0,4.0,4.0,7.0,Passive
185,ENG2023-00185,20231018,265,7,1,2023,3.3,3.2,2.8,4.4,2.9,8.0,Passive
186,ENG2023-00186,20231023,266,4,1,2023,4.3,4.7,4.1,4.9,4.8,10.0,Promoter
187,ENG2023-00187,20231028,267,1,1,2023,2.6,2.5,2.5,3.4,2.0,4.0,Detractor
188,ENG2023-00188,20231019,270,3,1,2023,1.4,2.4,2.3,1.9,1.7,3.0,Detractor
189,ENG2023-00189,20231022,274,7,5,2023,3.1,3.1,2.6,4.2,3.2,8.0,Passive
190,ENG2023-00190,20231023,277,3,1,2023,2.5,2.7,3.6,3.6,3.3,7.0,Passive
191,ENG2023-00191,20231026,278,3,1,2023,3.5,3.5,4.1,3.5,4.0,10.0,Promoter
192,ENG2023-00192,20231024,279,3,3,2023,3.4,3.0,2.8,3.6,2.9,7.0,Passive
193,ENG2023-00193,20231022,280,2,1,2023,2.5,2.4,1.6,2.9,3.3,5.0,Detractor
194,ENG2023-00194,20231023,286,1,1,2023,3.7,4.3,3.5,3.9,4.3,9.0,Promoter
195,ENG2023-00195,20231026,288,6,1,2023,4.4,4.3,3.8,3.8,4.3,10.0,Promoter
196,ENG2023-00196,20231023,289,7,1,2023,2.5,3.1,2.4,3.8,2.8,9.0,Promoter
197,ENG2023-00197,20231026,290,3,1,2023,2.8,3.6,2.7,2.9,3.8,7.0,Passive
198,ENG2023-00198,20231024,291,3,1,2023,3.4,2.7,2.9,3.6,3.3,7.0,Passive
199,ENG2023-00199,20231026,292,7,2,2023,3.3,3.3,2.4,3.6,2.7,7.0,Passive
200,ENG2023-00200,20231016,293,1,1,2023,2.8,3.0,2.4,2.9,3.8,5.0,Detractor
201,ENG2023-00201,20231022,296,1,4,2023,3.5,4.1,2.1,3.2,3.2,5.0,Detractor
202,ENG2023-00202,20231021,298,8,1,2023,3.4,3.4,2.8,3.8,3.0,8.0,Passive
203,ENG2023-00203,20231016,300,4,5,2023,4.4,5.0,3.7,4.0,4.8,10.0,Promoter
204,ENG2023-00204,20231015,302,1,1,2023,3.9,3.4,3.2,3.6,3.8,8.0,Passive
205,ENG2023-00205,20231027,303,1,1,2023,4.4,4.6,4.7,5.0,4.0,10.0,Promoter
206,ENG2023-00206,20231023,305,7,4,2023,3.4,3.4,2.4,4.2,3.0,8.0,Passive
207,ENG2023-00207,20231025,306,1,6,2023,3.7,4.1,3.2,3.6,3.3,7.0,Passive
208,ENG2023-00208,20231026,307,4,4,2023,5.0,4.0,3.7,4.6,3.7,10.0,Promoter
209,ENG2023-00209,20231025,308,6,3,2023,4.8,4.0,3.6,4.5,4.5,10.0,Promoter
210,ENG2023-00210,20231017,309,1,1,2023,3.0,4.2,3.0,3.7,2.8,8.0,Passive
211,ENG2023-00211,20231028,313,7,1,2023,3.4,2.6,3.4,3.8,2.3,6.0,Detractor
212,ENG2023-00212,20231018,314,3,1,2023,3.8,4.3,3.8,3.2,3.6,10.0,Promoter
213,ENG2023-00213,20231024,316,4,1,2023,3.3,3.5,3.3,4.1,3.0,9.0,Promoter
214,ENG2023-00214,20231019,317,2,1,2023,3.2,3.2,3.5,2.5,2.9,7.0,Passive
215,ENG2023-00215,20231019,318,1,1,2023,4.0,3.9,2.7,3.4,3.6,9.0,Promoter
216,ENG2023-00216,20231016,319,8,1,2023,3.5,3.0,3.2,4.2,3.2,7.0,Passive
217,ENG2023-00217,20231024,320,7,5,2023,3.2,3.2,2.4,3.6,2.0,7.0,Passive
218,ENG2023-00218,20231023,321,1,1,2023,5.0,5.0,5.0,5.0,4.2,10.0,Promoter
219,ENG2023-00219,20231026,322,5,4,2023,2.6,2.1,3.5,2.9,2.7,6.0,Detractor
220,ENG2023-00220,20231020,323,1,1,2023,3.6,3.9,3.4,4.2,2.8,7.0,Passive
221,ENG2023-00221,20231025,324,3,1,2023,3.8,4.3,4.1,4.2,4.0,10.0,Promoter
222,ENG2023-00222,20231015,325,1,3,2023,4.5,4.1,3.8,4.3,4.5,10.0,Promoter
223,ENG2023-00223,20231016,327,7,1,2023,2.7,3.1,3.2,3.6,3.1,7.0,Passive
224,ENG2023-00224,20231021,329,7,2,2023,3.4,3.1,3.7,4.4,3.6,10.0,Promoter
225,ENG2023-00225,20231025,330,1,2,2023,3.8,4.2,3.2,4.2,2.8,10.0,Promoter
226,ENG2023-00226,20231017,331,3,3,2023,3.0,2.6,3.4,2.9,2.4,7.0,Passive
227,ENG2023-00227,20231024,333,8,1,2023,3.8,3.9,3.4,4.5,4.0,10.0,Promoter
228,ENG2023-00228,20231015,334,8,6,2023,3.9,3.6,4.6,4.4,3.8,10.0,Promoter
229,ENG2023-00229,20231026,335,6,1,2023,3.0,3.5,3.6,3.4,3.7,7.0,Passive
230,ENG2023-00230,20231026,336,1,1,2023,2.4,2.7,2.3,2.6,2.5,4.0,Detractor
231,ENG2023-00231,20231024,337,3,1,2023,3.5,3.7,3.3,4.2,3.1,6.0,Detractor
232,ENG2023-00232,20231027,338,8,1,2023,4.3,4.1,4.3,4.3,3.3,10.0,Promoter
233,ENG2023-00233,20231015,339,5,3,2023,4.3,3.9,3.4,4.1,3.3,9.0,Promoter
234,ENG2023-00234,20231026,341,1,1,2023,3.2,4.3,3.2,4.1,3.2,9.0,Promoter
235,ENG2023-00235,20231028,345,3,1,2023,3.1,2.9,2.8,3.6,3.1,9.0,Promoter
236,ENG2023-00236,20231028,346,1,3,2023,2.2,3.1,1.8,2.1,2.2,5.0,Detractor
237,ENG2023-00237,20231015,347,8,2,2023,3.3,3.8,3.1,4.0,3.8,9.0,Promoter
238,ENG2023-00238,20231026,349,7,4,2023,3.6,3.3,2.1,4.0,3.5,7.0,Passive
239,ENG2023-00239,20231021,350,2,3,2023,4.3,4.7,5.0,4.7,2.9,10.0,Promoter
240,ENG2023-00240,20231017,351,6,1,2023,2.2,3.2,3.1,3.1,3.9,7.0,Passive
241,ENG2023-00241,20231022,352,7,1,2023,3.2,3.5,3.4,3.8,3.4,7.0,Passive
242,ENG2023-00242,20231025,353,1,1,2023,3.0,2.7,1.7,3.4,2.1,3.0,Detractor
243,ENG2023-00243,20231020,354,7,1,2023,4.0,3.5,3.0,3.2,2.7,7.0,Passive
244,ENG2023-00244,20231019,356,8,1,2023,2.5,1.5,1.0,2.0,2.3,1.0,Detractor
245,ENG2023-00245,20231021,357,3,1,2023,4.1,3.6,3.0,2.8,2.6,7.0,Passive
246,ENG2023-00246,20231018,358,5,1,2023,2.8,2.3,2.5,3.9,3.3,8.0,Passive
247,ENG2023-00247,20231015,359,3,1,2023,3.7,4.2,4.0,4.3,4.2,9.0,Promoter
248,ENG2023-00248,20231019,360,7,4,2023,3.9,4.5,3.4,4.5,3.9,8.0,Passive
249,ENG2023-00249,20231023,361,1,6,2023,3.9,4.1,3.8,4.1,3.9,8.0,Passive
250,ENG2023-00250,20231021,362,8,1,2023,3.6,3.9,3.0,3.5,3.4,7.0,Passive
251,ENG2023-00251,20231025,363,3,1,2023,4.2,3.8,2.9,3.4,3.8,10.0,Promoter
252,ENG2023-00252,20231027,364,7,3,2023,3.7,2.2,2.7,3.8,3.2,9.0,Promoter
253,ENG2023-00253,20231021,365,8,1,2023,4.3,3.6,3.4,4.0,3.5,8.0,Passive
254,ENG2023-00254,20231018,368,1,1,2023,3.4,3.4,3.1,3.4,2.9,8.0,Passive
255,ENG2023-00255,20231022,369,1,1,2023,2.5,2.9,2.3,2.6,3.0,4.0,Detractor
256,ENG2023-00256,20231020,370,4,1,2023,3.4,2.5,2.5,2.2,2.4,6.0,Detractor
257,ENG2023-00257,20231017,372,1,1,2023,4.0,4.7,3.6,4.3,3.7,9.0,Promoter
258,ENG2023-00258,20231018,373,2,1,2023,3.7,4.0,3.9,5.0,3.3,10.0,Promoter
259,ENG2023-00259,20231020,374,1,5,2023,2.6,2.4,2.6,2.9,2.1,6.0,Detractor
260,ENG2023-00260,20231025,376,3,4,2023,3.3,3.8,2.8,3.6,3.4,8.0,Passive
261,ENG2023-00261,20231016,377,6,2,2023,3.5,3.4,2.0,3.4,2.8,7.0,Passive
262,ENG2023-00262,20231017,378,1,2,2023,4.4,4.2,4.3,4.5,3.6,8.0,Passive
263,ENG2023-00263,20231021,379,1,1,2023,3.7,3.7,3.6,3.7,3.2,9.0,Promoter
264,ENG2023-00264,20231018,380,3,5,2023,3.3,3.2,2.5,4.5,3.4,8.0,Passive
265,ENG2023-00265,20231018,381,4,2,2023,4.4,4.7,3.9,4.8,4.0,10.0,Promoter
266,ENG2023-00266,20231018,384,3,1,2023,4.0,3.8,2.8,3.5,3.2,7.0,Passive
267,ENG2023-00267,20231027,385,7,6,2023,3.6,3.0,2.4,3.2,3.2,5.0,Detractor
268,ENG2023-00268,20231024,386,2,1,2023,3.0,2.2,2.6,3.0,2.4,7.0,Passive
269,ENG2023-00269,20231020,388,7,1,2023,4.6,4.4,3.2,4.3,4.2,10.0,Promoter
270,ENG2023-00270,20231025,389,7,2,2023,3.0,4.1,2.3,3.4,3.7,7.0,Passive
271,ENG2023-00271,20231026,390,3,1,2023,3.3,4.1,3.2,3.2,3.3,9.0,Promoter
272,ENG2023-00272,20231027,391,7,3,2023,4.4,4.6,4.4,4.5,4.1,10.0,Promoter
273,ENG2023-00273,20231015,392,8,1,2023,2.8,2.3,2.0,2.9,2.3,5.0,Detractor
274,ENG2023-00274,20231024,393,7,6,2023,4.1,2.9,2.7,3.4,3.2,9.0,Promoter
275,ENG2023-00275,20231023,396,1,1,2023,4.9,4.7,4.0,4.5,4.5,10.0,Promoter
276,ENG2023-00276,20231018,397,2,1,2023,4.0,3.7,2.9,3.2,3.2,7.0,Passive
277,ENG2023-00277,20231026,398,3,1,2023,2.5,2.4,2.0,3.2,2.6,3.0,Detractor
278,ENG2023-00278,20231019,399,2,1,2023,4.3,4.4,4.2,4.0,4.4,10.0,Promoter
279,ENG2023-00279,20231021,400,7,3,2023,1.6,2.5,1.5,2.7,2.7,5.0,Detractor
280,ENG2023-00280,20231027,401,6,1,2023,4.6,3.5,3.9,3.8,3.3,9.0,Promoter
281,ENG2023-00281,20231024,404,7,6,2023,2.8,3.4,3.0,3.9,3.0,7.0,Passive
282,ENG2023-00282,20231017,405,3,1,2023,4.0,4.9,3.9,4.5,3.7,10.0,Promoter
283,ENG2023-00283,20231027,406,3,2,2023,3.3,3.6,3.4,3.3,3.7,10.0,Promoter
284,ENG2023-00284,20231020,407,3,1,2023,3.1,3.7,3.9,4.0,3.3,9.0,Promoter
285,ENG2023-00285,20231020,408,3,4,2023,2.9,2.4,2.0,3.6,1.7,4.0,Detractor
286,ENG2023-00286,20231016,410,8,1,2023,3.6,3.1,3.2,3.0,2.6,8.0,Passive
287,ENG2023-00287,20231028,413,8,3,2023,3.9,4.5,3.1,3.9,3.8,9.0,Promoter
288,ENG2023-00288,20231016,414,3,2,2023,3.4,3.0,2.9,2.8,3.7,8.0,Passive
289,ENG2023-00289,20231027,415,3,5,2023,3.5,3.0,2.4,3.1,3.6,6.0,Detractor
290,ENG2023-00290,20231025,416,1,1,2023,3.9,4.4,3.7,4.4,3.4,9.0,Promoter
291,ENG2023-00291,20231023,417,7,2,2023,3.1,3.7,2.9,3.2,2.7,8.0,Passive
292,ENG2023-00292,20231020,418,7,1,2023,3.2,3.0,2.7,3.7,3.2,9.0,Promoter
293,ENG2023-00293,20231020,420,5,2,2023,3.2,3.1,3.3,3.1,3.1,8.0,Passive
294,ENG2023-00294,20231022,421,1,1,2023,3.0,3.8,2.9,3.5,2.8,8.0,Passive
295,ENG2023-00295,20231017,423,4,5,2023,3.3,2.8,2.3,2.6,2.4,6.0,Detractor
296,ENG2023-00296,20231017,425,1,3,2023,4.2,4.4,3.2,3.5,2.9,10.0,Promoter
297,ENG2023-00297,20231028,426,3,6,2023,3.6,3.8,3.6,3.8,3.8,7.0,Passive
298,ENG2023-00298,20231024,427,1,6,2023,3.6,3.3,2.9,2.8,2.7,9.0,Promoter
299,ENG2023-00299,20231022,428,8,6,2023,2.6,2.5,1.7,3.4,2.1,5.0,Detractor
300,ENG2023-00300,20231025,429,7,1,2023,3.1,3.2,3.2,3.9,3.2,6.0,Detractor
301,ENG2023-00301,20231021,430,1,1,2023,2.1,2.7,2.3,2.2,1.9,3.0,Detractor
302,ENG2023-00302,20231023,431,3,2,2023,4.7,4.0,3.3,4.1,4.4,9.0,Promoter
303,ENG2023-00303,20231016,433,7,1,2023,3.6,3.8,3.4,3.0,3.0,6.0,Detractor
304,ENG2023-00304,20231018,436,3,3,2023,3.2,3.7,3.7,3.6,4.2,8.0,Passive
305,ENG2023-00305,20231015,438,1,2,2023,3.6,4.3,4.1,4.7,3.6,9.0,Promoter
306,ENG2023-00306,20231025,439,8,1,2023,3.4,3.9,3.3,3.9,3.3,9.0,Promoter
307,ENG2023-00307,20231016,442,8,2,2023,3.1,3.7,3.1,4.3,4.2,7.0,Passive
308,ENG2023-00308,20231022,443,2,1,2023,3.4,2.6,2.6,3.5,2.9,9.0,Promoter
309,ENG2023-00309,20231020,444,1,1,2023,3.7,4.1,3.0,4.3,3.2,9.0,Promoter
310,ENG2023-00310,20231017,445,1,1,2023,4.3,3.7,3.4,4.6,4.2,9.0,Promoter
311,ENG2023-00311,20231028,446,8,4,2023,3.1,2.9,2.4,2.4,2.8,6.0,Detractor
312,ENG2023-00312,20231018,447,4,1,2023,3.9,4.3,3.7,4.5,3.2,10.0,Promoter
313,ENG2023-00313,20231020,449,1,6,2023,4.4,3.7,3.2,3.3,2.8,8.0,Passive
314,ENG2023-00314,20231015,452,3,2,2023,3.7,3.8,3.6,3.8,3.1,8.0,Passive
315,ENG2023-00315,20231020,453,8,2,2023,4.2,3.3,4.5,4.1,4.2,10.0,Promoter
316,ENG2023-00316,20231017,454,7,1,2023,4.0,3.7,3.3,3.9,3.8,10.0,Promoter
317,ENG2023-00317,20231022,455,4,6,2023,3.2,3.5,2.7,3.0,2.6,5.0,Detractor
318,ENG2023-00318,20231015,456,1,3,2023,3.2,3.5,4.1,3.2,4.3,,Invalid
319,ENG2023-00319,20231028,457,7,3,2023,3.3,2.9,2.5,2.0,2.5,5.0,Detractor
320,ENG2023-00320,20231021,458,7,1,2023,3.9,4.0,3.9,4.0,4.0,8.0,Passive
321,ENG2023-00321,20231022,459,7,1,2023,2.6,2.2,1.8,2.2,1.9,5.0,Detractor
322,ENG2023-00322,20231020,460,2,1,2023,4.0,3.7,2.9,3.3,3.4,8.0,Passive
323,ENG2023-00323,20231021,461,4,1,2023,3.9,4.2,3.2,4.0,3.5,8.0,Passive
324,ENG2023-00324,20231028,462,2,1,2023,2.9,4.2,2.9,3.9,3.5,6.0,Detractor
325,ENG2023-00325,20231022,463,5,1,2023,3.0,3.3,2.6,3.6,3.2,5.0,Detractor
326,ENG2023-00326,20231026,464,7,4,2023,3.1,2.8,3.4,2.9,2.8,7.0,Passive
327,ENG2023-00327,20231021,465,8,2,2023,4.7,4.4,3.9,5.0,4.0,10.0,Promoter
328,ENG2023-00328,20231015,466,7,4,2023,3.6,4.0,3.4,5.0,3.7,7.0,Passive
329,ENG2023-00329,20231026,467,3,2,2023,3.9,3.3,3.1,3.7,2.8,9.0,Promoter
330,ENG2023-00330,20231023,469,7,1,2023,2.5,2.8,2.6,4.0,2.0,7.0,Passive
331,ENG2023-00331,20231018,470,1,1,2023,4.0,3.4,2.9,3.9,2.9,8.0,Passive
332,ENG2023-00332,20231024,471,7,3,2023,3.6,2.2,3.0,2.4,2.7,5.0,Detractor
333,ENG2023-00333,20231020,472,2,1,2023,2.4,3.0,1.8,2.3,1.9,6.0,Detractor
334,ENG2023-00334,20231016,473,6,1,2023,3.3,3.6,3.4,4.3,3.8,10.0,Promoter
335,ENG2023-00335,20231019,474,6,1,2023,3.3,3.6,3.6,4.3,3.7,10.0,Promoter
336,ENG2023-00336,20231024,477,1,3,2023,2.5,2.5,1.7,2.4,1.8,4.0,Detractor
337,ENG2023-00337,20231020,478,3,4,2023,2.7,3.3,2.1,2.8,2.8,5.0,Detractor
338,ENG2023-00338,20231022,479,2,6,2023,3.7,3.8,3.2,3.6,4.4,9.0,Promoter
339,ENG2023-00339,20231017,480,5,6,2023,3.2,2.9,2.6,3.4,3.3,5.0,Detractor
340,ENG2023-00340,20231015,481,8,1,2023,3.2,3.0,2.8,2.9,3.4,,Invalid
341,ENG2023-00341,20231019,482,7,3,2023,4.6,4.9,4.7,4.2,4.4,10.0,Promoter
342,ENG2023-00342,20231023,483,8,1,2023,3.5,3.7,2.7,3.1,3.0,8.0,Passive
343,ENG2023-00343,20231019,484,6,1,2023,3.9,3.2,3.0,4.0,3.9,10.0,Promoter
344,ENG2023-00344,20231020,485,1,1,2023,3.5,4.1,3.9,3.7,3.4,9.0,Promoter
345,ENG2023-00345,20231028,486,1,2,2023,2.6,4.1,2.4,3.1,3.4,5.0,Detractor
346,ENG2023-00346,20231026,487,1,1,2023,3.7,4.0,3.6,4.0,3.7,10.0,Promoter
347,ENG2023-00347,20231021,488,7,1,2023,3.9,4.1,3.5,3.6,3.3,10.0,Promoter
348,ENG2023-00348,20231022,489,8,1,2023,3.2,3.5,2.3,2.1,2.6,5.0,Detractor
349,ENG2023-00349,20231027,490,3,4,2023,3.4,2.6,2.5,2.5,1.9,5.0,Detractor
350,ENG2023-00350,20231028,491,8,3,2023,4.0,3.4,3.7,3.4,4.0,10.0,Promoter
351,ENG2023-00351,20231021,492,8,5,2023,2.7,3.6,3.8,4.1,2.9,8.0,Passive
352,ENG2023-00352,20231018,493,3,1,2023,4.1,3.8,2.8,4.3,4.4,9.0,Promoter
353,ENG2023-00353,20231021,494,4,2,2023,2.8,3.1,2.2,2.9,2.5,4.0,Detractor
354,ENG2023-00354,20231026,495,3,2,2023,3.6,2.9,3.0,3.4,2.7,9.0,Promoter
355,ENG2023-00355,20231028,496,7,2,2023,3.9,3.6,3.5,4.2,3.3,10.0,Promoter
356,ENG2023-00356,20231023,498,7,6,2023,3.6,3.4,3.1,3.8,3.5,10.0,Promoter
357,ENG2023-00357,20231026,499,1,5,2023,4.4,3.3,3.1,4.3,2.8,10.0,Promoter
358,ENG2023-00358,20231019,500,2,2,2023,3.3,4.5,3.1,3.8,4.7,8.0,Passive
359,ENG2023-00359,20231015,502,1,6,2023,3.1,3.0,2.9,3.1,3.3,7.0,Passive
360,ENG2023-00360,20231024,503,3,3,2023,4.4,3.9,3.4,4.7,3.4,9.0,Promoter
361,ENG2023-00361,20231026,504,7,3,2023,3.0,3.1,3.7,3.6,2.9,7.0,Passive
362,ENG2023-00362,20231024,506,3,1,2023,4.5,4.0,3.9,4.1,4.4,10.0,Promoter
363,ENG2023-00363,20231028,508,7,1,2023,2.1,1.8,2.2,1.7,1.6,3.0,Detractor
364,ENG2023-00364,20231017,510,3,3,2023,2.9,2.8,2.3,4.4,2.6,9.0,Promoter
365,ENG2023-00365,20231028,511,8,1,2023,3.1,3.6,2.9,3.4,2.8,5.0,Detractor
366,ENG2023-00366,20231027,512,7,1,2023,3.4,3.4,3.3,3.3,2.7,7.0,Passive
367,ENG2023-00367,20231019,513,7,1,2023,3.3,3.5,2.3,3.0,2.8,5.0,Detractor
368,ENG2023-00368,20231017,514,1,6,2023,3.5,3.9,3.1,3.3,3.0,6.0,Detractor
369,ENG2023-00369,20231020,515,2,1,2023,2.9,2.7,3.0,3.1,3.0,6.0,Detractor
370,ENG2023-00370,20231028,516,7,2,2023,4.3,4.5,4.0,5.0,4.4,9.0,Promoter
371,ENG2023-00371,20231021,519,8,1,2023,3.3,3.8,2.8,3.9,3.9,8.0,Passive
372,ENG2023-00372,20231028,520,1,1,2023,2.8,3.5,2.5,3.6,2.2,8.0,Passive
373,ENG2023-00373,20231024,521,7,2,2023,3.0,3.2,3.6,3.8,3.8,10.0,Promoter
374,ENG2023-00374,20231016,522,7,1,2023,2.5,1.7,2.8,2.8,2.5,5.0,Detractor
375,ENG2023-00375,20231023,523,8,1,2023,3.7,4.5,3.8,3.8,3.7,10.0,Promoter
376,ENG2023-00376,20231020,524,7,1,2023,2.4,2.2,2.7,2.8,3.2,4.0,Detractor
377,ENG2023-00377,20231015,526,8,1,2023,3.3,2.2,2.7,3.3,2.9,7.0,Passive
378,ENG2023-00378,20231026,527,3,1,2023,3.3,3.7,4.0,3.4,2.8,7.0,Passive
379,ENG2023-00379,20231025,528,7,3,2023,2.7,2.4,2.9,3.4,2.9,3.0,Detractor
380,ENG2023-00380,20231016,529,8,5,2023,3.9,3.1,3.8,4.2,3.4,6.0,Detractor
381,ENG2023-00381,20231015,530,7,1,2023,3.4,4.1,3.1,2.9,2.2,7.0,Passive
382,ENG2023-00382,20231027,531,1,1,2023,3.2,3.4,2.7,3.6,4.0,9.0,Promoter
383,ENG2023-00383,20231019,532,6,1,2023,4.4,4.6,3.8,3.9,4.0,10.0,Promoter
384,ENG2023-00384,20231027,533,4,1,2023,3.4,3.3,3.1,4.0,3.6,7.0,Passive
385,ENG2023-00385,20231022,534,8,1,2023,3.3,3.5,3.2,4.5,3.3,10.0,Promoter
386,ENG2023-00386,20231018,535,5,3,2023,3.9,3.4,3.1,3.4,2.9,9.0,Promoter
387,ENG2023-00387,20231016,536,3,1,2023,2.6,3.5,2.9,3.5,2.8,7.0,Passive
388,ENG2023-00388,20231019,537,7,1,2023,4.4,4.2,3.8,4.0,3.8,10.0,Promoter
389,ENG2023-00389,20231028,539,2,4,2023,2.8,4.1,2.9,4.6,3.9,10.0,Promoter
390,ENG2023-00390,20231028,540,3,1,2023,2.4,3.6,3.1,3.1,3.4,7.0,Passive
391,ENG2023-00391,20231025,541,8,1,2023,3.8,3.9,3.7,3.9,3.1,9.0,Promoter
392,ENG2023-00392,20231028,542,8,4,2023,3.3,3.4,3.5,3.4,3.2,8.0,Passive
393,ENG2023-00393,20231019,543,3,1,2023,3.9,4.0,1.9,3.3,3.8,10.0,Promoter
394,ENG2023-00394,20231017,544,6,1,2023,4.3,4.7,3.9,4.2,3.4,9.0,Promoter
395,ENG2023-00395,20231026,546,2,1,2023,3.2,2.8,3.4,2.8,2.3,5.0,Detractor
396,ENG2023-00396,20231019,547,1,2,2023,2.9,3.0,2.8,3.0,2.5,4.0,Detractor
397,ENG2023-00397,20231022,551,8,2,2023,3.7,3.1,3.6,4.3,4.0,9.0,Promoter
398,ENG2023-00398,20231019,552,8,5,2023,3.8,3.9,3.6,4.2,3.9,8.0,Passive
399,ENG2024-00399,20241020,3,5,1,2024,3.1,3.4,3.2,2.9,3.8,9.0,Promoter
400,ENG2024-00400,20241023,5,8,1,2024,3.9,3.7,2.8,3.4,2.7,7.0,Passive
401,ENG2024-00401,20241015,7,3,2,2024,3.6,3.0,3.1,2.9,3.2,5.0,Detractor
402,ENG2024-00402,20241015,9,8,3,2024,2.9,3.4,3.0,3.2,4.0,7.0,Passive
403,ENG2024-00403,20241025,12,2,3,2024,3.7,3.6,3.0,3.4,3.3,10.0,Promoter
404,ENG2024-00404,20241018,15,4,1,2024,2.7,3.1,2.6,2.8,1.9,7.0,Passive
405,ENG2024-00405,20241025,17,6,3,2024,3.3,3.0,2.6,3.4,3.9,8.0,Passive
406,ENG2024-00406,20241015,19,5,1,2024,3.1,3.3,2.9,3.2,2.8,5.0,Detractor
407,ENG2024-00407,20241017,21,7,5,2024,3.5,2.8,3.2,3.0,2.8,7.0,Passive
408,ENG2024-00408,20241028,24,8,1,2024,3.7,3.5,3.5,4.1,3.8,9.0,Promoter
409,ENG2024-00409,20241016,26,8,4,2024,2.5,3.6,3.5,3.1,2.5,6.0,Detractor
410,ENG2024-00410,20241018,27,3,1,2024,3.7,3.3,2.5,4.2,3.7,8.0,Passive
411,ENG2024-00411,20241022,28,2,1,2024,3.2,2.8,2.5,3.3,2.3,7.0,Passive
412,ENG2024-00412,20241028,29,3,1,2024,3.6,3.8,3.4,4.2,3.5,9.0,Promoter
413,ENG2024-00413,20241018,31,2,4,2024,4.3,4.5,4.5,5.0,4.1,10.0,Promoter
414,ENG2024-00414,20241028,33,3,3,2024,2.4,3.4,2.4,2.3,2.6,4.0,Detractor
415,ENG2024-00415,20241020,34,8,5,2024,3.5,3.3,3.6,4.6,4.2,8.0,Passive
416,ENG2024-00416,20241024,37,1,1,2024,3.9,5.0,4.6,5.0,4.3,10.0,Promoter
417,ENG2024-00417,20241024,40,3,5,2024,4.0,4.1,4.2,4.3,4.7,10.0,Promoter
418,ENG2024-00418,20241022,43,5,1,2024,3.1,4.4,2.9,3.7,2.7,8.0,Passive
419,ENG2024-00419,20241018,44,6,2,2024,3.2,4.0,3.3,3.7,2.9,5.0,Detractor
420,ENG2024-00420,20241025,45,7,1,2024,3.1,2.2,1.9,3.5,2.3,5.0,Detractor
421,ENG2024-00421,20241020,46,7,2,2024,4.2,2.9,3.1,3.7,3.1,8.0,Passive
422,ENG2024-00422,20241022,47,7,4,2024,4.2,3.5,3.7,4.1,4.0,8.0,Passive
423,ENG2024-00423,20241018,48,7,5,2024,3.2,2.2,2.7,3.2,3.1,7.0,Passive
424,ENG2024-00424,20241023,49,3,1,2024,3.2,2.8,3.3,4.1,3.8,3.0,Detractor
425,ENG2024-00425,20241026,50,3,1,2024,4.4,3.6,2.9,4.1,3.6,10.0,Promoter
426,ENG2024-00426,20241021,51,7,1,2024,3.9,3.2,3.3,3.9,3.6,7.0,Passive
427,ENG2024-00427,20241017,53,7,1,2024,3.2,2.7,2.9,3.6,1.9,6.0,Detractor
428,ENG2024-00428,20241027,54,8,2,2024,3.3,2.2,2.6,3.5,2.9,3.0,Detractor
429,ENG2024-00429,20241019,55,8,1,2024,3.3,3.6,3.3,4.1,2.7,9.0,Promoter
430,ENG2024-00430,20241022,56,1,3,2024,4.1,4.8,4.0,4.0,3.5,7.0,Passive
431,ENG2024-00431,20241021,58,4,3,2024,4.4,4.9,3.9,4.8,3.8,10.0,Promoter
432,ENG2024-00432,20241021,61,4,3,2024,4.1,4.7,3.4,2.9,3.7,9.0,Promoter
433,ENG2024-00433,20241019,62,2,4,2024,3.7,3.5,3.3,4.0,2.4,4.0,Detractor
434,ENG2024-00434,20241018,63,3,5,2024,2.9,3.9,3.7,4.1,3.1,9.0,Promoter
435,ENG2024-00435,20241015,64,7,1,2024,3.8,3.3,2.7,4.0,4.1,9.0,Promoter
436,ENG2024-00436,20241018,65,3,1,2024,2.8,4.1,2.5,3.1,2.6,7.0,Passive
437,ENG2024-00437,20241023,66,1,4,2024,3.8,3.6,3.5,3.2,3.5,9.0,Promoter
438,ENG2024-00438,20241019,69,5,6,2024,3.0,3.2,3.4,4.5,3.2,8.0,Passive
439,ENG2024-00439,20241024,71,1,2,2024,3.8,3.6,1.9,2.5,3.4,5.0,Detractor
440,ENG2024-00440,20241018,72,5,1,2024,4.1,4.3,4.0,4.1,4.0,10.0,Promoter
441,ENG2024-00441,20241021,73,3,1,2024,3.9,4.7,4.2,4.5,4.4,10.0,Promoter
442,ENG2024-00442,20241025,74,8,2,2024,3.7,2.9,2.9,4.0,2.2,7.0,Passive
443,ENG2024-00443,20241017,75,4,6,2024,2.0,3.4,1.9,2.2,2.0,6.0,Detractor
444,ENG2024-00444,20241024,77,5,1,2024,3.1,3.0,2.1,2.3,2.1,4.0,Detractor
445,ENG2024-00445,20241028,79,8,1,2024,3.9,2.9,2.9,4.0,3.9,9.0,Promoter
446,ENG2024-00446,20241020,80,7,2,2024,2.8,2.8,3.5,3.0,3.6,8.0,Passive
447,ENG2024-00447,20241019,81,1,6,2024,4.5,4.3,3.5,4.4,3.2,10.0,Promoter
448,ENG2024-00448,20241019,82,2,1,2024,3.7,4.3,3.5,3.8,2.6,8.0,Passive
449,ENG2024-00449,20241016,83,6,2,2024,3.0,3.4,2.5,2.7,2.1,5.0,Detractor
450,ENG2024-00450,20241028,84,4,3,2024,3.4,3.0,2.3,3.1,2.8,8.0,Passive
451,ENG2024-00451,20241016,87,6,1,2024,4.0,3.9,3.1,4.4,4.0,8.0,Passive
452,ENG2024-00452,20241026,88,1,5,2024,2.4,3.9,2.2,2.6,1.6,2.0,Detractor
453,ENG2024-00453,20241024,89,1,5,2024,3.0,3.2,2.7,2.6,3.1,5.0,Detractor
454,ENG2024-00454,20241021,91,7,1,2024,3.8,3.3,3.4,3.5,3.4,10.0,Promoter
455,ENG2024-00455,20241025,92,5,3,2024,2.1,1.9,2.3,2.8,1.8,4.0,Detractor
456,ENG2024-00456,20241027,94,2,1,2024,4.1,4.8,3.9,4.2,3.0,10.0,Promoter
457,ENG2024-00457,20241020,95,1,2,2024,3.6,3.1,3.1,2.9,3.1,7.0,Passive
458,ENG2024-00458,20241027,96,2,1,2024,4.9,4.7,3.6,4.6,3.8,10.0,Promoter
459,ENG2024-00459,20241023,98,8,1,2024,2.6,2.5,1.6,3.4,2.7,5.0,Detractor
460,ENG2024-00460,20241019,100,1,3,2024,3.1,3.3,3.1,2.8,2.8,6.0,Detractor
461,ENG2024-00461,20241022,101,7,5,2024,3.6,3.3,2.7,2.9,2.7,7.0,Passive
462,ENG2024-00462,20241028,104,2,1,2024,3.2,3.4,2.9,3.2,3.0,8.0,Passive
463,ENG2024-00463,20241028,105,8,3,2024,3.3,3.2,2.6,3.5,3.9,7.0,Passive
464,ENG2024-00464,20241023,106,8,3,2024,3.2,2.7,3.3,3.5,4.0,6.0,Detractor
465,ENG2024-00465,20241024,108,4,3,2024,3.1,3.3,2.8,3.9,3.4,9.0,Promoter
466,ENG2024-00466,20241028,109,5,1,2024,3.8,3.9,3.7,3.8,3.9,7.0,Passive
467,ENG2024-00467,20241026,112,2,3,2024,2.8,2.6,3.1,2.7,2.8,7.0,Passive
468,ENG2024-00468,20241015,114,1,1,2024,3.0,2.8,2.7,3.8,3.0,8.0,Passive
469,ENG2024-00469,20241023,116,1,1,2024,4.2,4.4,3.4,3.8,3.6,9.0,Promoter
470,ENG2024-00470,20241017,120,2,4,2024,2.8,4.2,3.4,4.3,4.0,9.0,Promoter
471,ENG2024-00471,20241018,122,7,5,2024,3.7,3.8,3.4,4.0,3.3,10.0,Promoter
472,ENG2024-00472,20241020,123,3,2,2024,2.9,3.2,3.3,3.2,3.3,10.0,Promoter
473,ENG2024-00473,20241023,125,7,1,2024,4.8,5.0,4.5,5.0,5.0,10.0,Promoter
474,ENG2024-00474,20241028,127,1,6,2024,2.5,3.2,2.6,3.4,2.7,8.0,Passive
475,ENG2024-00475,20241023,129,6,1,2024,3.2,3.7,2.6,3.5,2.9,7.0,Passive
476,ENG2024-00476,20241022,131,1,1,2024,3.5,4.2,3.4,4.5,3.0,9.0,Promoter
477,ENG2024-00477,20241023,133,1,1,2024,4.1,4.2,3.8,3.9,3.9,10.0,Promoter
478,ENG2024-00478,20241019,135,1,1,2024,2.8,3.2,2.3,2.9,3.1,6.0,Detractor
479,ENG2024-00479,20241024,137,1,3,2024,3.7,3.5,2.8,3.4,2.6,7.0,Passive
480,ENG2024-00480,20241015,138,6,1,2024,2.4,2.8,2.0,2.3,2.5,5.0,Detractor
481,ENG2024-00481,20241023,139,7,4,2024,4.2,4.5,3.7,4.7,4.1,8.0,Passive
482,ENG2024-00482,20241021,141,1,3,2024,3.9,3.8,4.1,3.3,3.5,8.0,Passive
483,ENG2024-00483,20241020,146,1,4,2024,3.8,3.8,2.7,3.1,2.6,10.0,Promoter
484,ENG2024-00484,20241019,148,7,1,2024,5.0,4.5,4.7,5.0,4.3,10.0,Promoter
485,ENG2024-00485,20241026,149,1,5,2024,3.7,3.7,2.9,3.5,3.7,9.0,Promoter
486,ENG2024-00486,20241026,150,7,5,2024,2.6,2.2,2.4,3.0,2.5,4.0,Detractor
487,ENG2024-00487,20241018,151,8,3,2024,3.3,3.0,3.7,4.2,2.9,8.0,Passive
488,ENG2024-00488,20241025,152,6,1,2024,4.3,3.2,3.5,3.6,2.6,6.0,Detractor
489,ENG2024-00489,20241015,153,7,1,2024,4.5,4.3,4.0,5.0,4.0,10.0,Promoter
490,ENG2024-00490,20241022,154,1,1,2024,3.4,3.1,2.8,3.1,3.5,10.0,Promoter
491,ENG2024-00491,20241027,155,4,2,2024,3.5,3.9,1.6,3.9,2.4,8.0,Passive
492,ENG2024-00492,20241024,156,1,6,2024,4.0,3.8,2.9,3.4,3.8,10.0,Promoter
493,ENG2024-00493,20241026,159,7,1,2024,4.3,3.9,3.6,4.0,2.9,10.0,Promoter
494,ENG2024-00494,20241015,162,4,1,2024,3.2,3.6,3.1,3.2,3.8,8.0,Passive
495,ENG2024-00495,20241022,165,5,2,2024,3.2,3.0,2.7,3.6,2.7,5.0,Detractor
496,ENG2024-00496,20241023,168,2,1,2024,4.5,4.8,4.2,4.5,3.9,10.0,Promoter
497,ENG2024-00497,20241024,169,1,1,2024,3.3,3.6,2.9,3.2,2.0,7.0,Passive
498,ENG2024-00498,20241023,171,7,6,2024,3.3,3.1,2.0,3.3,2.8,8.0,Passive
499,ENG2024-00499,20241023,172,7,1,2024,3.4,3.1,2.9,2.4,2.4,7.0,Passive
500,ENG2024-00500,20241015,174,8,1,2024,3.1,2.7,2.6,3.5,3.0,6.0,Detractor
501,ENG2024-00501,20241024,175,8,3,2024,2.6,2.8,2.7,2.5,2.4,4.0,Detractor
502,ENG2024-00502,20241020,176,3,1,2024,2.6,4.0,3.7,3.2,3.6,9.0,Promoter
503,ENG2024-00503,20241020,178,7,1,2024,3.1,3.3,3.0,3.9,3.3,8.0,Passive
504,ENG2024-00504,20241025,179,1,1,2024,4.5,4.5,4.6,4.1,3.9,10.0,Promoter
505,ENG2024-00505,20241015,181,1,1,2024,3.0,2.9,3.1,2.9,2.2,6.0,Detractor
506,ENG2024-00506,20241028,182,7,1,2024,3.8,3.1,3.4,3.9,3.2,9.0,Promoter
507,ENG2024-00507,20241025,183,5,2,2024,2.7,3.0,2.9,4.2,2.9,7.0,Passive
508,ENG2024-00508,20241023,184,8,1,2024,3.5,3.7,3.3,3.0,3.8,8.0,Passive
509,ENG2024-00509,20241020,188,4,1,2024,4.1,3.5,3.0,4.7,3.8,9.0,Promoter
510,ENG2024-00510,20241027,191,4,1,2024,3.1,3.1,2.5,3.6,3.4,6.0,Detractor
511,ENG2024-00511,20241020,193,1,1,2024,2.2,2.9,2.4,3.1,2.1,5.0,Detractor
512,ENG2024-00512,20241023,194,8,1,2024,2.4,2.5,1.0,2.0,1.5,5.0,Detractor
513,ENG2024-00513,20241017,196,7,6,2024,3.4,3.4,2.8,3.1,2.9,5.0,Detractor
514,ENG2024-00514,20241023,197,6,3,2024,2.6,2.3,2.3,3.1,1.7,2.0,Detractor
515,ENG2024-00515,20241015,199,6,1,2024,3.3,3.9,2.6,3.3,3.3,7.0,Passive
516,ENG2024-00516,20241018,201,5,5,2024,3.8,3.7,3.5,3.4,4.0,9.0,Promoter
517,ENG2024-00517,20241016,203,7,1,2024,3.1,2.8,2.7,2.9,2.9,7.0,Passive
518,ENG2024-00518,20241025,204,1,1,2024,3.9,3.9,4.0,3.8,3.6,10.0,Promoter
519,ENG2024-00519,20241019,205,8,4,2024,4.0,3.2,3.4,3.6,3.6,8.0,Passive
520,ENG2024-00520,20241022,211,7,1,2024,3.6,3.8,3.1,4.6,4.0,9.0,Promoter
521,ENG2024-00521,20241019,212,3,6,2024,2.6,2.0,2.3,2.5,2.7,8.0,Passive
522,ENG2024-00522,20241024,213,2,3,2024,3.3,3.2,2.1,3.3,3.1,7.0,Passive
523,ENG2024-00523,20241023,214,8,1,2024,2.9,2.3,2.3,3.1,2.8,10.0,Promoter
524,ENG2024-00524,20241028,215,4,1,2024,3.0,3.9,2.9,4.1,3.8,9.0,Promoter
525,ENG2024-00525,20241028,216,4,6,2024,3.5,4.3,3.4,3.0,3.8,7.0,Passive
526,ENG2024-00526,20241026,217,5,1,2024,3.8,3.0,3.7,3.5,3.2,10.0,Promoter
527,ENG2024-00527,20241026,218,3,1,2024,3.7,4.0,3.7,3.8,4.2,10.0,Promoter
528,ENG2024-00528,20241018,219,3,1,2024,3.9,4.0,3.7,3.7,4.0,9.0,Promoter
529,ENG2024-00529,20241016,220,8,1,2024,3.2,2.2,3.0,3.5,2.4,6.0,Detractor
530,ENG2024-00530,20241015,221,7,3,2024,3.7,2.9,2.3,3.7,2.1,,Invalid
531,ENG2024-00531,20241019,222,8,1,2024,2.8,2.8,2.3,3.4,2.9,6.0,Detractor
532,ENG2024-00532,20241025,223,1,3,2024,3.5,3.1,3.1,3.8,2.8,9.0,Promoter
533,ENG2024-00533,20241017,224,1,1,2024,3.4,2.7,2.7,2.8,2.6,4.0,Detractor
534,ENG2024-00534,20241024,226,2,2,2024,5.0,5.0,4.1,5.0,4.9,10.0,Promoter
535,ENG2024-00535,20241018,227,2,4,2024,2.7,2.9,1.7,3.2,2.4,6.0,Detractor
536,ENG2024-00536,20241026,228,5,2,2024,3.3,2.7,1.8,2.9,2.3,7.0,Passive
537,ENG2024-00537,20241023,230,8,1,2024,2.1,1.9,2.3,2.7,2.6,5.0,Detractor
538,ENG2024-00538,20241016,232,3,1,2024,3.1,4.1,2.8,3.2,3.8,9.0,Promoter
539,ENG2024-00539,20241023,233,8,2,2024,4.1,4.4,2.9,4.7,4.2,10.0,Promoter
540,ENG2024-00540,20241023,234,7,2,2024,4.0,3.3,3.6,3.1,3.6,10.0,Promoter
541,ENG2024-00541,20241015,237,6,4,2024,3.0,2.7,1.4,2.5,1.2,4.0,Detractor
542,ENG2024-00542,20241025,240,8,6,2024,4.1,4.1,3.7,4.2,3.1,9.0,Promoter
543,ENG2024-00543,20241016,241,8,1,2024,4.1,3.9,3.4,3.9,3.2,7.0,Passive
544,ENG2024-00544,20241019,242,8,1,2024,3.4,3.5,2.6,4.2,3.4,7.0,Passive
545,ENG2024-00545,20241018,243,7,1,2024,3.7,3.9,3.5,4.1,4.1,10.0,Promoter
546,ENG2024-00546,20241024,244,3,6,2024,3.9,3.5,2.9,2.6,3.4,9.0,Promoter
547,ENG2024-00547,20241018,245,1,1,2024,4.0,2.4,2.9,3.3,4.1,9.0,Promoter
548,ENG2024-00548,20241021,247,7,1,2024,2.8,2.2,1.7,2.9,3.0,6.0,Detractor
549,ENG2024-00549,20241025,250,1,1,2024,3.7,3.9,3.6,4.3,3.7,9.0,Promoter
550,ENG2024-00550,20241021,251,1,1,2024,2.9,3.1,3.7,3.8,3.2,6.0,Detractor
551,ENG2024-00551,20241027,252,3,2,2024,4.6,3.3,3.6,4.0,3.6,6.0,Detractor
552,ENG2024-00552,20241018,253,8,6,2024,3.2,3.5,2.9,4.2,4.4,8.0,Passive
553,ENG2024-00553,20241017,254,5,1,2024,3.5,3.9,3.3,3.2,2.7,6.0,Detractor
554,ENG2024-00554,20241015,257,3,1,2024,3.4,3.7,3.6,5.0,3.5,9.0,Promoter
555,ENG2024-00555,20241023,260,8,1,2024,4.4,4.3,3.8,4.5,3.6,9.0,Promoter
556,ENG2024-00556,20241023,264,1,6,2024,3.2,3.0,3.0,3.1,2.8,7.0,Passive
557,ENG2024-00557,20241021,265,7,1,2024,3.1,3.9,2.6,3.5,2.8,8.0,Passive
558,ENG2024-00558,20241027,267,1,1,2024,2.2,2.2,1.9,3.5,2.3,3.0,Detractor
559,ENG2024-00559,20241027,268,7,6,2024,3.8,3.2,3.3,3.2,3.5,8.0,Passive
560,ENG2024-00560,20241022,271,2,2,2024,3.6,3.4,2.8,3.0,2.9,6.0,Detractor
561,ENG2024-00561,20241026,272,4,1,2024,3.7,4.1,3.1,4.0,3.6,10.0,Promoter
562,ENG2024-00562,20241022,274,7,5,2024,3.5,2.8,3.8,4.0,3.2,6.0,Detractor
563,ENG2024-00563,20241026,276,8,1,2024,3.0,3.6,3.2,3.4,3.3,8.0,Passive
564,ENG2024-00564,20241023,277,3,1,2024,3.6,2.9,2.9,2.9,2.5,9.0,Promoter
565,ENG2024-00565,20241016,282,1,1,2024,3.5,3.7,2.7,4.8,4.1,9.0,Promoter
566,ENG2024-00566,20241027,285,1,4,2024,3.7,3.8,2.8,4.1,3.7,10.0,Promoter
567,ENG2024-00567,20241021,286,1,1,2024,3.7,4.9,3.2,4.0,3.1,9.0,Promoter
568,ENG2024-00568,20241025,289,7,1,2024,3.2,3.8,2.4,3.7,2.7,9.0,Promoter
569,ENG2024-00569,20241024,291,3,1,2024,3.4,3.0,2.7,2.5,2.5,6.0,Detractor
570,ENG2024-00570,20241021,292,7,2,2024,2.5,2.7,3.6,4.2,2.7,8.0,Passive
571,ENG2024-00571,20241023,293,1,1,2024,3.4,3.9,2.5,3.1,2.8,7.0,Passive
572,ENG2024-00572,20241019,296,1,4,2024,3.0,3.0,2.4,2.9,3.7,5.0,Detractor
573,ENG2024-00573,20241017,300,4,5,2024,4.3,3.9,3.3,4.3,4.4,10.0,Promoter
574,ENG2024-00574,20241016,301,8,1,2024,3.6,2.8,2.6,4.1,3.1,7.0,Passive
575,ENG2024-00575,20241016,302,1,1,2024,3.6,3.3,2.5,3.2,2.9,9.0,Promoter
576,ENG2024-00576,20241022,303,1,1,2024,4.5,4.3,4.4,5.0,4.3,10.0,Promoter
577,ENG2024-00577,20241018,304,7,1,2024,2.9,2.8,2.1,3.4,2.6,7.0,Passive
578,ENG2024-00578,20241015,307,4,4,2024,4.6,4.1,4.6,3.7,4.2,9.0,Promoter
579,ENG2024-00579,20241023,308,6,3,2024,4.3,4.3,4.2,4.4,3.4,10.0,Promoter
580,ENG2024-00580,20241022,309,1,1,2024,4.1,3.4,2.8,3.1,3.5,7.0,Passive
581,ENG2024-00581,20241028,310,4,1,2024,4.8,4.7,4.3,3.5,4.2,9.0,Promoter
582,ENG2024-00582,20241020,311,3,1,2024,2.9,2.7,2.3,3.2,3.1,7.0,Passive
583,ENG2024-00583,20241019,313,7,1,2024,3.2,2.2,3.2,3.4,2.9,6.0,Detractor
584,ENG2024-00584,20241019,314,3,1,2024,4.3,4.4,3.3,3.5,3.0,8.0,Passive
585,ENG2024-00585,20241024,316,4,1,2024,4.2,3.7,4.1,4.0,3.5,10.0,Promoter
586,ENG2024-00586,20241015,317,2,1,2024,3.0,2.8,3.2,3.0,2.8,6.0,Detractor
587,ENG2024-00587,20241015,320,7,5,2024,2.7,3.4,2.9,2.1,2.8,7.0,Passive
588,ENG2024-00588,20241028,321,1,1,2024,4.3,5.0,4.7,5.0,4.8,10.0,Promoter
589,ENG2024-00589,20241022,322,5,4,2024,3.5,3.7,2.4,3.2,2.6,5.0,Detractor
590,ENG2024-00590,20241026,324,3,1,2024,3.7,3.8,3.3,3.6,3.8,10.0,Promoter
591,ENG2024-00591,20241020,327,7,1,2024,3.0,3.7,2.7,2.7,2.9,6.0,Detractor
592,ENG2024-00592,20241017,329,7,2,2024,4.4,4.0,3.9,3.3,3.4,9.0,Promoter
593,ENG2024-00593,20241017,330,1,2,2024,3.4,3.5,3.5,4.2,3.9,7.0,Passive
594,ENG2024-00594,20241024,331,3,3,2024,2.9,3.3,2.7,3.4,2.1,4.0,Detractor
595,ENG2024-00595,20241018,333,8,1,2024,3.7,3.4,3.6,3.9,3.6,9.0,Promoter
596,ENG2024-00596,20241021,334,8,6,2024,4.5,5.0,3.5,4.4,4.7,10.0,Promoter
597,ENG2024-00597,20241027,336,1,1,2024,1.6,2.6,1.8,2.6,2.5,3.0,Detractor
598,ENG2024-00598,20241023,337,3,1,2024,3.3,4.0,3.0,3.5,2.6,8.0,Passive
599,ENG2024-00599,20241017,338,8,1,2024,3.4,3.9,2.7,4.1,4.1,9.0,Promoter
600,ENG2024-00600,20241022,339,5,3,2024,3.6,4.2,3.7,4.5,3.4,10.0,Promoter
601,ENG2024-00601,20241021,340,8,5,2024,4.9,4.8,4.2,5.0,4.5,10.0,Promoter
602,ENG2024-00602,20241017,343,7,3,2024,2.8,1.9,2.3,3.1,2.1,3.0,Detractor
603,ENG2024-00603,20241020,345,3,1,2024,3.2,3.0,2.2,2.4,1.9,5.0,Detractor
604,ENG2024-00604,20241020,347,8,2,2024,3.3,3.3,2.7,3.1,3.5,5.0,Detractor
605,ENG2024-00605,20241016,349,7,4,2024,3.5,3.2,3.1,3.7,3.8,7.0,Passive
606,ENG2024-00606,20241024,350,2,3,2024,4.4,4.4,4.3,4.5,4.4,10.0,Promoter
607,ENG2024-00607,20241025,353,1,1,2024,2.4,2.3,1.9,2.2,1.9,5.0,Detractor
608,ENG2024-00608,20241020,358,5,1,2024,3.5,2.6,2.6,2.9,2.6,5.0,Detractor
609,ENG2024-00609,20241027,359,3,1,2024,3.2,3.3,3.1,4.3,3.9,9.0,Promoter
610,ENG2024-00610,20241026,360,7,4,2024,3.3,3.9,4.2,4.2,4.1,10.0,Promoter
611,ENG2024-00611,20241022,361,1,6,2024,4.4,4.0,3.1,3.1,3.8,10.0,Promoter
612,ENG2024-00612,20241018,362,8,1,2024,4.0,3.1,3.6,2.9,3.5,8.0,Passive
613,ENG2024-00613,20241027,364,7,3,2024,2.9,2.3,2.7,3.4,3.0,3.0,Detractor
614,ENG2024-00614,20241022,366,8,4,2024,2.4,2.1,3.1,3.1,3.2,3.0,Detractor
615,ENG2024-00615,20241015,369,1,1,2024,2.3,3.0,2.9,2.9,2.4,8.0,Passive
616,ENG2024-00616,20241023,370,4,1,2024,2.5,2.2,2.5,3.0,2.8,4.0,Detractor
617,ENG2024-00617,20241019,372,1,1,2024,4.0,3.9,3.3,4.0,3.8,10.0,Promoter
618,ENG2024-00618,20241019,373,2,1,2024,4.4,4.1,3.4,5.0,3.3,9.0,Promoter
619,ENG2024-00619,20241028,375,5,4,2024,2.3,2.5,3.0,2.3,2.6,6.0,Detractor
620,ENG2024-00620,20241016,376,3,4,2024,4.0,3.6,2.9,4.0,3.3,7.0,Passive
621,ENG2024-00621,20241022,377,6,2,2024,3.0,3.2,2.7,2.7,2.4,5.0,Detractor
622,ENG2024-00622,20241027,378,1,2,2024,4.1,4.2,3.7,4.4,4.0,10.0,Promoter
623,ENG2024-00623,20241017,380,3,5,2024,3.6,3.5,2.7,3.5,3.2,7.0,Passive
624,ENG2024-00624,20241016,381,4,2,2024,3.6,4.1,4.1,4.8,3.4,10.0,Promoter
625,ENG2024-00625,20241018,383,6,2,2024,3.2,4.1,2.7,4.2,3.0,9.0,Promoter
626,ENG2024-00626,20241024,384,3,1,2024,3.7,3.3,3.5,3.8,2.4,9.0,Promoter
627,ENG2024-00627,20241021,385,7,6,2024,3.0,3.8,3.6,2.7,3.3,4.0,Detractor
628,ENG2024-00628,20241019,386,2,1,2024,2.5,2.7,2.9,3.1,2.9,5.0,Detractor
629,ENG2024-00629,20241020,387,3,1,2024,4.0,3.8,4.2,4.4,4.3,9.0,Promoter
630,ENG2024-00630,20241028,388,7,1,2024,5.0,4.2,3.7,4.4,4.4,9.0,Promoter
631,ENG2024-00631,20241016,392,8,1,2024,2.3,2.1,2.5,2.9,1.7,5.0,Detractor
632,ENG2024-00632,20241023,393,7,6,2024,4.0,2.9,3.5,3.1,3.5,7.0,Passive
633,ENG2024-00633,20241016,397,2,1,2024,4.6,3.5,3.3,3.6,2.9,7.0,Passive
634,ENG2024-00634,20241017,399,2,1,2024,5.0,4.8,4.6,4.2,4.8,10.0,Promoter
635,ENG2024-00635,20241020,400,7,3,2024,2.8,2.3,1.7,2.9,2.2,,Invalid
636,ENG2024-00636,20241021,401,6,1,2024,3.4,3.9,4.2,3.3,3.1,9.0,Promoter
637,ENG2024-00637,20241020,404,7,6,2024,3.2,3.7,3.2,3.1,3.7,5.0,Detractor
638,ENG2024-00638,20241018,405,3,1,2024,3.8,4.5,3.0,4.1,3.7,10.0,Promoter
639,ENG2024-00639,20241026,406,3,2,2024,4.8,4.3,3.9,4.3,3.3,10.0,Promoter
640,ENG2024-00640,20241023,409,7,1,2024,3.7,3.7,3.8,3.3,3.6,8.0,Passive
641,ENG2024-00641,20241022,412,1,1,2024,2.8,2.9,2.2,3.4,2.2,8.0,Passive
642,ENG2024-00642,20241025,413,8,3,2024,4.0,4.4,3.8,4.1,3.7,10.0,Promoter
643,ENG2024-00643,20241023,414,3,2,2024,2.3,3.4,3.2,2.9,2.6,8.0,Passive
644,ENG2024-00644,20241018,418,7,1,2024,3.3,3.2,3.5,3.8,3.0,6.0,Detractor
645,ENG2024-00645,20241022,419,8,1,2024,3.2,3.3,3.0,3.8,3.0,8.0,Passive
646,ENG2024-00646,20241025,420,5,2,2024,3.9,2.9,2.3,3.2,3.2,7.0,Passive
647,ENG2024-00647,20241027,423,4,5,2024,2.9,3.1,2.7,3.2,2.8,6.0,Detractor
648,ENG2024-00648,20241024,424,3,1,2024,1.9,2.6,2.2,2.7,2.1,5.0,Detractor
649,ENG2024-00649,20241026,425,1,3,2024,4.5,4.7,4.1,4.0,3.4,7.0,Passive
650,ENG2024-00650,20241025,426,3,6,2024,3.1,3.5,3.6,3.8,2.8,7.0,Passive
651,ENG2024-00651,20241026,427,1,6,2024,3.9,3.4,2.9,3.6,3.4,9.0,Promoter
652,ENG2024-00652,20241017,432,1,1,2024,3.6,4.0,3.2,3.7,4.5,9.0,Promoter
653,ENG2024-00653,20241017,433,7,1,2024,3.4,3.6,3.1,3.5,3.9,9.0,Promoter
654,ENG2024-00654,20241026,436,3,3,2024,3.8,3.2,2.5,3.4,3.3,7.0,Passive
655,ENG2024-00655,20241027,438,1,2,2024,3.7,4.5,3.3,4.5,3.8,10.0,Promoter
656,ENG2024-00656,20241024,439,8,1,2024,3.5,4.2,3.6,3.7,3.7,8.0,Passive
657,ENG2024-00657,20241020,440,7,3,2024,3.9,3.1,2.9,3.4,3.8,7.0,Passive
658,ENG2024-00658,20241021,442,8,2,2024,3.1,3.5,2.9,3.8,3.2,6.0,Detractor
659,ENG2024-00659,20241016,444,1,1,2024,3.7,3.7,2.9,4.0,2.3,10.0,Promoter
660,ENG2024-00660,20241016,445,1,1,2024,4.1,4.4,4.7,4.3,3.8,10.0,Promoter
661,ENG2024-00661,20241027,446,8,4,2024,2.9,2.3,2.3,2.9,3.2,5.0,Detractor
662,ENG2024-00662,20241025,447,4,1,2024,4.3,4.2,3.8,3.7,3.8,10.0,Promoter
663,ENG2024-00663,20241024,449,1,6,2024,2.6,3.2,2.7,3.5,3.1,5.0,Detractor
664,ENG2024-00664,20241024,450,8,1,2024,3.2,2.8,3.4,3.4,2.5,,Invalid
665,ENG2024-00665,20241027,452,3,2,2024,4.4,4.1,2.6,4.1,2.6,10.0,Promoter
666,ENG2024-00666,20241028,454,7,1,2024,3.7,3.4,3.3,3.7,3.4,10.0,Promoter
667,ENG2024-00667,20241027,455,4,6,2024,2.7,3.0,2.9,2.6,2.0,4.0,Detractor
668,ENG2024-00668,20241024,456,1,3,2024,3.1,3.4,3.7,3.9,3.8,8.0,Passive
669,ENG2024-00669,20241024,457,7,3,2024,2.6,2.8,2.6,2.9,2.1,6.0,Detractor
670,ENG2024-00670,20241027,458,7,1,2024,4.2,3.8,3.6,3.9,3.4,9.0,Promoter
671,ENG2024-00671,20241017,460,2,1,2024,2.9,4.0,2.6,4.1,2.9,8.0,Passive
672,ENG2024-00672,20241017,461,4,1,2024,3.5,3.3,2.7,4.1,3.5,7.0,Passive
673,ENG2024-00673,20241019,462,2,1,2024,4.0,3.9,2.9,3.4,4.1,8.0,Passive
674,ENG2024-00674,20241025,463,5,1,2024,2.8,3.5,2.4,4.1,3.0,6.0,Detractor
675,ENG2024-00675,20241021,465,8,2,2024,4.7,3.8,4.1,4.8,4.2,10.0,Promoter
676,ENG2024-00676,20241017,467,3,2,2024,3.7,3.0,2.6,3.2,3.7,8.0,Passive
677,ENG2024-00677,20241021,469,7,1,2024,3.0,2.3,2.2,3.8,3.2,8.0,Passive
678,ENG2024-00678,20241018,470,1,1,2024,2.9,3.0,3.4,3.3,4.0,9.0,Promoter
679,ENG2024-00679,20241017,471,7,3,2024,2.6,2.8,1.6,2.8,2.6,4.0,Detractor
680,ENG2024-00680,20241019,472,2,1,2024,2.8,2.4,1.5,2.6,2.2,3.0,Detractor
681,ENG2024-00681,20241015,474,6,1,2024,3.1,3.2,3.4,4.1,3.5,9.0,Promoter
682,ENG2024-00682,20241017,476,7,1,2024,3.3,3.7,2.8,4.2,2.4,8.0,Passive
683,ENG2024-00683,20241015,478,3,4,2024,2.5,2.5,2.0,3.0,2.3,7.0,Passive
684,ENG2024-00684,20241026,480,5,6,2024,3.3,2.8,3.4,3.4,2.5,8.0,Passive
685,ENG2024-00685,20241015,481,8,1,2024,2.8,2.1,3.6,3.6,2.4,10.0,Promoter
686,ENG2024-00686,20241017,482,7,3,2024,4.6,4.3,3.6,4.7,3.6,10.0,Promoter
687,ENG2024-00687,20241018,483,8,1,2024,3.0,3.3,2.5,3.8,3.6,8.0,Passive
688,ENG2024-00688,20241019,486,1,2,2024,3.4,3.0,3.2,3.0,3.2,7.0,Passive
689,ENG2024-00689,20241026,487,1,1,2024,4.4,4.6,3.2,4.1,3.2,10.0,Promoter
690,ENG2024-00690,20241022,491,8,3,2024,3.4,3.5,3.3,3.9,2.5,9.0,Promoter
691,ENG2024-00691,20241019,492,8,5,2024,3.6,3.2,2.7,3.6,4.0,10.0,Promoter
692,ENG2024-00692,20241016,493,3,1,2024,2.9,3.9,3.0,3.7,4.1,9.0,Promoter
693,ENG2024-00693,20241015,494,4,2,2024,2.8,3.8,3.2,3.0,3.3,6.0,Detractor
694,ENG2024-00694,20241015,495,3,2,2024,2.5,3.0,1.6,2.5,1.8,4.0,Detractor
695,ENG2024-00695,20241026,496,7,2,2024,3.9,4.0,3.1,4.6,4.1,8.0,Passive
696,ENG2024-00696,20241027,498,7,6,2024,3.2,2.8,3.0,3.6,3.0,7.0,Passive
697,ENG2024-00697,20241024,499,1,5,2024,4.1,4.6,3.6,4.0,3.9,9.0,Promoter
698,ENG2024-00698,20241017,500,2,2,2024,3.1,4.0,3.7,4.3,4.1,10.0,Promoter
699,ENG2024-00699,20241021,502,1,6,2024,3.0,3.0,2.1,3.3,2.6,10.0,Promoter
700,ENG2024-00700,20241028,504,7,3,2024,2.8,2.5,1.6,3.2,2.7,7.0,Passive
701,ENG2024-00701,20241018,506,3,1,2024,4.1,4.7,3.5,3.9,2.9,9.0,Promoter
702,ENG2024-00702,20241028,507,2,1,2024,4.1,3.7,3.7,3.8,4.2,10.0,Promoter
703,ENG2024-00703,20241022,508,7,1,2024,2.4,1.3,1.5,2.6,2.8,5.0,Detractor
704,ENG2024-00704,20241018,509,7,1,2024,4.6,4.7,4.6,5.0,3.6,10.0,Promoter
705,ENG2024-00705,20241026,510,3,3,2024,3.6,3.4,2.7,3.0,2.8,4.0,Detractor
706,ENG2024-00706,20241028,520,1,1,2024,2.9,3.1,2.6,3.7,3.1,8.0,Passive
707,ENG2024-00707,20241028,521,7,2,2024,3.5,3.4,3.3,4.2,3.8,8.0,Passive
708,ENG2024-00708,20241028,524,7,1,2024,2.0,2.2,2.0,2.3,2.2,2.0,Detractor
709,ENG2024-00709,20241026,527,3,1,2024,2.6,4.5,3.0,3.4,3.3,8.0,Passive
710,ENG2024-00710,20241019,528,7,3,2024,3.3,2.2,1.9,3.2,2.8,3.0,Detractor
711,ENG2024-00711,20241023,530,7,1,2024,2.6,2.2,2.3,3.8,2.5,1.0,Detractor
712,ENG2024-00712,20241027,531,1,1,2024,3.3,3.3,2.8,3.8,2.9,8.0,Passive
713,ENG2024-00713,20241016,532,6,1,2024,4.1,4.2,3.1,4.2,3.6,10.0,Promoter
714,ENG2024-00714,20241021,534,8,1,2024,4.8,3.9,3.4,3.3,3.2,9.0,Promoter
715,ENG2024-00715,20241018,535,5,3,2024,3.2,3.3,3.0,3.1,3.2,8.0,Passive
716,ENG2024-00716,20241019,536,3,1,2024,2.9,3.4,3.2,3.8,3.0,6.0,Detractor
717,ENG2024-00717,20241024,537,7,1,2024,3.8,4.5,3.9,4.7,4.3,10.0,Promoter
718,ENG2024-00718,20241015,538,3,3,2024,3.9,4.5,3.0,4.1,3.5,9.0,Promoter
719,ENG2024-00719,20241021,540,3,1,2024,3.1,3.4,2.3,3.5,3.0,7.0,Passive
720,ENG2024-00720,20241024,541,8,1,2024,4.4,4.2,3.0,4.2,3.9,10.0,Promoter
721,ENG2024-00721,20241022,542,8,4,2024,3.9,3.4,3.6,3.6,2.8,7.0,Passive
722,ENG2024-00722,20241017,544,6,1,2024,4.1,4.6,4.0,3.9,3.5,10.0,Promoter
723,ENG2024-00723,20241019,545,4,2,2024,3.6,2.7,2.3,2.6,3.0,7.0,Passive
724,ENG2024-00724,20241024,548,1,5,2024,3.3,4.1,3.9,4.0,3.3,8.0,Passive
725,ENG2024-00725,20241020,551,8,2,2024,3.1,3.2,2.6,3.2,3.5,8.0,Passive
726,ENG2024-00726,20241027,554,1,5,2024,4.0,3.6,3.4,4.2,4.1,7.0,Passive
727,ENG2024-00727,20241016,556,2,6,2024,3.6,3.5,3.0,3.2,3.3,9.0,Promoter
728,ENG2024-00728,20241015,558,6,1,2024,4.5,4.5,4.0,4.8,4.3,10.0,Promoter
729,ENG2024-00729,20241018,559,8,1,2024,4.6,4.6,4.6,4.6,4.2,10.0,Promoter
730,ENG2024-00730,20241025,560,8,1,2024,2.4,3.1,2.5,2.5,2.0,5.0,Detractor
731,ENG2024-00731,20241017,561,2,1,2024,3.1,4.1,2.9,3.1,3.0,9.0,Promoter
732,ENG2024-00732,20241017,562,1,1,2024,3.4,4.0,3.0,3.8,2.6,8.0,Passive
733,ENG2024-00733,20241026,566,4,5,2024,4.0,4.0,3.6,4.6,4.2,10.0,Promoter
734,ENG2024-00734,20241019,572,3,1,2024,4.1,4.3,4.3,4.5,3.4,10.0,Promoter
735,ENG2024-00735,20241021,574,5,5,2024,4.4,4.0,3.3,4.5,4.3,10.0,Promoter
736,ENG2024-00736,20241022,575,1,4,2024,2.8,2.9,2.4,3.1,3.4,5.0,Detractor
737,ENG2024-00737,20241015,576,7,1,2024,4.2,3.6,3.4,3.8,2.9,9.0,Promoter
738,ENG2024-00738,20241023,578,3,3,2024,4.1,3.7,3.1,3.7,3.9,7.0,Passive
739,ENG2024-00739,20241020,580,2,5,2024,4.5,4.4,3.8,3.7,4.2,10.0,Promoter
740,ENG2024-00740,20241022,582,1,1,2024,3.5,3.4,2.9,4.2,3.7,9.0,Promoter
741,ENG2024-00741,20241027,583,6,5,2024,3.7,2.8,2.6,2.6,3.2,5.0,Detractor
742,ENG2024-00742,20241015,585,1,6,2024,3.0,3.6,3.5,3.5,3.1,7.0,Passive
743,ENG2024-00743,20241018,587,1,1,2024,3.3,3.2,3.4,3.5,2.7,6.0,Detractor
744,ENG2024-00744,20241019,591,1,2,2024,2.2,2.7,2.8,3.1,2.7,5.0,Detractor
745,ENG2024-00745,20241021,592,7,6,2024,4.4,3.3,2.7,3.4,2.8,8.0,Passive
746,ENG2024-00746,20241025,593,7,3,2024,3.5,2.9,3.3,3.6,3.9,8.0,Passive
747,ENG2024-00747,20241017,595,7,4,2024,3.5,3.1,2.9,3.2,3.3,6.0,Detractor
748,ENG2024-00748,20241024,596,5,1,2024,3.5,3.6,3.3,3.9,3.4,9.0,Promoter
749,ENG2024-00749,20241018,597,2,1,2024,4.2,3.7,4.0,4.4,4.4,10.0,Promoter
750,ENG2024-00750,20241020,599,7,1,2024,4.0,2.9,2.9,3.4,3.1,8.0,Passive
751,ENG2024-00751,20241017,600,7,2,2024,3.6,2.5,2.2,3.7,3.6,9.0,Promoter
752,ENG2024-00752,20241027,601,7,4,2024,3.8,3.8,3.8,3.2,2.6,9.0,Promoter
753,ENG2024-00753,20241017,604,1,1,2024,2.8,3.1,3.1,2.8,2.4,8.0,Passive
754,ENG2024-00754,20241025,607,3,5,2024,3.7,4.1,3.4,3.2,3.9,10.0,Promoter
755,ENG2024-00755,20241021,609,7,1,2024,4.1,3.7,4.4,3.7,3.2,10.0,Promoter
756,ENG2024-00756,20241019,611,4,1,2024,3.1,3.9,2.9,3.2,3.7,8.0,Passive
757,ENG2024-00757,20241021,612,2,2,2024,4.0,5.0,4.7,4.7,4.4,10.0,Promoter
758,ENG2024-00758,20241020,614,8,1,2024,2.7,2.1,2.6,3.1,3.2,7.0,Passive
759,ENG2024-00759,20241024,615,1,2,2024,2.3,2.7,2.5,2.4,1.7,8.0,Passive
760,ENG2024-00760,20241015,616,8,1,2024,3.0,2.4,3.0,2.4,2.4,7.0,Passive
761,ENG2024-00761,20241023,620,2,3,2024,3.3,3.2,3.0,3.0,2.6,8.0,Passive
762,ENG2024-00762,20241017,622,8,1,2024,4.2,4.0,3.6,3.7,4.2,10.0,Promoter
763,ENG2024-00763,20241022,623,7,1,2024,4.7,4.4,3.0,3.4,4.2,10.0,Promoter
764,ENG2024-00764,20241028,625,2,1,2024,4.2,3.0,3.0,3.3,3.0,9.0,Promoter
765,ENG2024-00765,20241017,626,7,2,2024,3.3,4.0,3.8,3.2,3.6,6.0,Detractor
766,ENG2024-00766,20241028,628,7,6,2024,3.4,2.9,2.8,3.6,3.8,7.0,Passive
767,ENG2024-00767,20241018,630,3,4,2024,3.9,4.1,4.1,3.2,3.4,9.0,Promoter
768,ENG2024-00768,20241015,631,1,2,2024,3.1,3.1,2.7,3.4,2.0,6.0,Detractor
769,ENG2024-00769,20241026,632,3,3,2024,4.8,4.7,4.1,4.0,4.0,10.0,Promoter
770,ENG2024-00770,20241026,634,3,2,2024,3.5,3.6,2.6,3.3,3.2,6.0,Detractor
771,ENG2024-00771,20241020,635,7,2,2024,2.2,2.7,1.0,2.1,1.5,6.0,Detractor
772,ENG2024-00772,20241026,636,8,3,2024,2.9,2.1,3.1,3.4,3.8,10.0,Promoter
773,ENG2024-00773,20241028,640,6,6,2024,2.4,2.9,2.1,3.6,3.3,6.0,Detractor
774,ENG2024-00774,20241018,641,7,4,2024,3.7,3.4,3.5,3.6,4.0,9.0,Promoter
775,ENG2024-00775,20241015,642,5,1,2024,3.7,3.5,2.6,3.2,2.6,6.0,Detractor
776,ENG2024-00776,20241021,643,3,1,2024,3.3,3.5,3.3,3.8,2.9,8.0,Passive
777,ENG2024-00777,20241021,644,7,1,2024,3.8,3.4,3.8,3.9,3.6,8.0,Passive
778,ENG2024-00778,20241022,645,3,6,2024,4.7,4.3,4.8,5.0,4.4,10.0,Promoter
779,ENG2024-00779,20241017,646,8,1,2024,3.5,3.5,2.8,4.1,3.3,8.0,Passive
780,ENG2024-00780,20241026,649,8,1,2024,3.8,3.9,4.8,4.5,3.9,10.0,Promoter
781,ENG2024-00781,20241024,650,8,3,2024,3.6,3.3,2.3,4.1,3.0,10.0,Promoter
782,ENG2024-00782,20241018,651,4,1,2024,4.4,4.5,4.2,4.9,3.4,9.0,Promoter
783,ENG2024-00783,20241022,652,1,2,2024,4.1,4.3,4.6,4.4,3.6,10.0,Promoter
784,ENG2024-00784,20241026,653,7,1,2024,3.5,4.2,3.8,2.5,3.3,6.0,Detractor
785,ENG2024-00785,20241015,654,1,1,2024,3.5,3.2,3.0,3.4,2.5,4.0,Detractor
786,ENG2024-00786,20241019,656,7,2,2024,2.9,3.2,3.2,3.8,3.2,8.0,Passive
787,ENG2024-00787,20241021,657,7,2,2024,4.3,3.5,3.5,4.3,4.6,10.0,Promoter
788,ENG2024-00788,20241016,659,3,1,2024,3.3,3.8,3.6,3.9,4.4,10.0,Promoter
789,ENG2024-00789,20241023,660,8,5,2024,5.0,5.0,4.2,5.0,5.0,10.0,Promoter
790,ENG2024-00790,20241015,661,8,1,2024,3.7,3.6,4.0,4.4,3.6,9.0,Promoter
791,ENG2024-00791,20241028,662,7,3,2024,4.3,4.3,3.2,3.9,3.8,10.0,Promoter
792,ENG2024-00792,20241017,663,6,4,2024,2.5,2.4,1.6,3.4,1.8,6.0,Detractor
793,ENG2024-00793,20241025,664,7,1,2024,4.4,4.4,3.8,5.0,3.7,10.0,Promoter
794,ENG2024-00794,20241020,665,2,3,2024,3.6,3.9,2.9,4.3,3.1,9.0,Promoter
795,ENG2024-00795,20241021,666,8,5,2024,1.9,2.5,2.3,3.2,2.0,6.0,Detractor
796,ENG2024-00796,20241016,669,3,4,2024,4.7,4.1,3.6,3.8,4.4,8.0,Passive
797,ENG2024-00797,20241028,670,7,3,2024,3.1,2.6,2.6,3.5,3.2,6.0,Detractor
798,ENG2024-00798,20241024,671,8,5,2024,2.2,2.4,1.9,2.8,2.7,3.0,Detractor
799,ENG2024-00799,20241028,672,2,4,2024,3.1,3.2,2.4,2.8,3.0,7.0,Passive
800,ENG2024-00800,20241020,673,2,2,2024,3.5,2.8,3.0,2.3,2.9,6.0,Detractor
801,ENG2024-00801,20241023,674,1,1,2024,3.2,3.0,2.9,3.4,2.5,9.0,Promoter
802,ENG2024-00802,20241021,675,7,6,2024,2.8,2.1,2.1,2.7,3.2,,Invalid
803,ENG2024-00803,20241017,677,2,1,2024,3.5,3.6,3.2,3.7,3.0,8.0,Passive
804,ENG2024-00804,20241024,678,7,2,2024,3.9,4.2,4.1,5.0,3.5,10.0,Promoter
805,ENG2024-00805,20241024,680,7,6,2024,3.2,2.9,2.7,3.0,2.7,6.0,Detractor
806,ENG2024-00806,20241028,681,1,1,2024,2.9,3.2,1.8,2.9,2.2,6.0,Detractor
807,ENG2024-00807,20241025,682,1,1,2024,3.8,3.8,3.6,4.5,3.7,9.0,Promoter
808,ENG2024-00808,20241027,684,8,6,2024,2.5,3.3,3.0,3.7,3.0,4.0,Detractor
809,ENG2024-00809,20241022,685,7,4,2024,2.6,2.3,2.5,2.3,2.0,4.0,Detractor
810,ENG2024-00810,20241020,686,7,4,2024,4.2,2.9,4.1,4.6,4.1,10.0,Promoter
811,ENG2024-00811,20241015,687,7,1,2024,3.3,3.4,3.8,4.3,3.5,10.0,Promoter
812,ENG2024-00812,20241017,688,1,2,2024,2.3,2.4,3.4,3.0,2.7,5.0,Detractor
813,ENG2024-00813,20241028,690,2,1,2024,3.0,3.7,3.1,3.5,2.6,7.0,Passive
814,ENG2024-00814,20241017,691,8,3,2024,4.0,2.9,3.2,3.4,3.5,9.0,Promoter
815,ENG2024-00815,20241028,692,3,1,2024,4.6,4.0,3.6,3.5,3.1,9.0,Promoter
816,ENG2024-00816,20241018,696,2,3,2024,2.7,3.0,4.2,2.9,2.9,9.0,Promoter
817,ENG2024-00817,20241017,698,6,3,2024,3.0,3.2,2.6,3.3,2.7,7.0,Passive
818,ENG2025-00818,20251025,2,7,1,2025,3.8,3.7,3.1,3.6,4.0,10.0,Promoter
819,ENG2025-00819,20251017,3,5,1,2025,4.0,3.7,3.2,4.0,3.1,9.0,Promoter
820,ENG2025-00820,20251017,5,8,1,2025,4.3,3.4,3.6,3.1,2.9,8.0,Passive
821,ENG2025-00821,20251022,7,3,2,2025,3.5,3.4,2.1,4.1,3.4,9.0,Promoter
822,ENG2025-00822,20251025,8,5,2,2025,3.7,3.6,3.2,3.9,3.9,9.0,Promoter
823,ENG2025-00823,20251019,9,8,3,2025,4.0,2.7,3.0,3.7,3.6,8.0,Passive
824,ENG2025-00824,20251028,11,8,6,2025,4.4,3.5,3.7,4.7,4.1,9.0,Promoter
825,ENG2025-00825,20251025,12,2,3,2025,3.2,3.8,3.0,3.9,2.6,10.0,Promoter
826,ENG2025-00826,20251024,16,1,5,2025,3.9,3.6,3.2,2.9,3.2,7.0,Passive
827,ENG2025-00827,20251025,17,6,3,2025,3.4,2.6,2.7,3.5,2.6,6.0,Detractor
828,ENG2025-00828,20251022,19,5,1,2025,2.6,3.4,2.2,3.9,4.0,9.0,Promoter
829,ENG2025-00829,20251016,22,1,3,2025,3.6,4.4,3.9,4.2,3.7,10.0,Promoter
830,ENG2025-00830,20251023,25,2,1,2025,4.2,3.9,4.0,3.5,4.4,9.0,Promoter
831,ENG2025-00831,20251017,29,3,1,2025,4.5,3.5,4.1,3.5,3.2,7.0,Passive
832,ENG2025-00832,20251023,30,1,3,2025,4.2,5.0,4.6,4.7,4.6,10.0,Promoter
833,ENG2025-00833,20251026,31,2,4,2025,4.4,4.7,3.8,4.3,4.2,10.0,Promoter
834,ENG2025-00834,20251022,34,8,5,2025,4.1,3.7,3.8,4.5,3.2,10.0,Promoter
835,ENG2025-00835,20251023,37,1,1,2025,5.0,5.0,5.0,5.0,4.7,10.0,Promoter
836,ENG2025-00836,20251015,39,4,3,2025,2.5,2.7,2.2,2.3,2.8,4.0,Detractor
837,ENG2025-00837,20251028,40,3,5,2025,4.1,3.5,4.7,4.3,4.3,10.0,Promoter
838,ENG2025-00838,20251016,44,6,2,2025,3.8,3.1,2.9,3.7,3.7,7.0,Passive
839,ENG2025-00839,20251024,46,7,2,2025,3.8,4.1,3.8,3.8,3.2,8.0,Passive
840,ENG2025-00840,20251021,47,7,4,2025,4.1,3.8,3.6,4.1,3.6,9.0,Promoter
841,ENG2025-00841,20251018,48,7,5,2025,3.9,2.9,2.1,3.9,2.8,5.0,Detractor
842,ENG2025-00842,20251019,49,3,1,2025,3.5,4.2,2.9,3.5,3.0,7.0,Passive
843,ENG2025-00843,20251016,50,3,1,2025,3.7,3.2,2.9,3.6,3.9,10.0,Promoter
844,ENG2025-00844,20251027,51,7,1,2025,3.3,4.1,3.5,4.7,3.8,10.0,Promoter
845,ENG2025-00845,20251018,53,7,1,2025,2.9,2.8,2.6,3.6,3.5,8.0,Passive
846,ENG2025-00846,20251024,54,8,2,2025,3.0,4.1,2.8,3.0,3.0,6.0,Detractor
847,ENG2025-00847,20251025,55,8,1,2025,3.6,4.3,3.0,4.2,4.4,8.0,Passive
848,ENG2025-00848,20251024,56,1,3,2025,4.8,5.0,3.8,4.6,3.4,10.0,Promoter
849,ENG2025-00849,20251019,58,4,3,2025,4.4,3.9,3.1,4.6,4.5,9.0,Promoter
850,ENG2025-00850,20251015,61,4,3,2025,3.9,3.9,3.8,4.4,3.0,9.0,Promoter
851,ENG2025-00851,20251016,63,3,5,2025,3.4,3.5,4.0,3.1,4.4,9.0,Promoter
852,ENG2025-00852,20251021,65,3,1,2025,3.6,2.9,2.8,3.2,3.2,6.0,Detractor
853,ENG2025-00853,20251024,66,1,4,2025,3.6,3.2,3.7,4.0,3.1,7.0,Passive
854,ENG2025-00854,20251016,67,7,6,2025,4.1,3.3,3.5,4.3,3.9,10.0,Promoter
855,ENG2025-00855,20251027,71,1,2,2025,3.4,2.6,2.7,3.6,2.8,5.0,Detractor
856,ENG2025-00856,20251017,72,5,1,2025,4.7,4.8,3.4,4.2,4.0,10.0,Promoter
857,ENG2025-00857,20251018,74,8,2,2025,3.2,2.6,2.8,3.3,3.1,7.0,Passive
858,ENG2025-00858,20251019,75,4,6,2025,2.9,2.3,2.6,2.2,1.9,3.0,Detractor
859,ENG2025-00859,20251028,76,3,5,2025,3.8,3.9,2.4,3.4,2.3,6.0,Detractor
860,ENG2025-00860,20251025,77,5,1,2025,2.5,3.1,2.8,2.6,2.5,6.0,Detractor
861,ENG2025-00861,20251019,80,7,2,2025,3.5,3.3,2.9,3.0,3.7,8.0,Passive
862,ENG2025-00862,20251022,81,1,6,2025,4.4,4.7,4.0,4.6,3.5,10.0,Promoter
863,ENG2025-00863,20251027,82,2,1,2025,3.9,4.8,3.9,4.2,4.8,8.0,Passive
864,ENG2025-00864,20251020,84,4,3,2025,3.7,3.0,2.1,3.2,2.9,3.0,Detractor
865,ENG2025-00865,20251024,89,1,5,2025,3.6,3.0,2.7,2.9,2.8,4.0,Detractor
866,ENG2025-00866,20251028,91,7,1,2025,3.5,3.8,3.7,3.5,3.8,9.0,Promoter
867,ENG2025-00867,20251025,92,5,3,2025,2.8,2.6,1.6,2.8,2.4,7.0,Passive
868,ENG2025-00868,20251021,94,2,1,2025,4.6,4.3,4.2,4.6,4.7,9.0,Promoter
869,ENG2025-00869,20251024,95,1,2,2025,4.1,2.7,3.3,3.3,3.8,8.0,Passive
870,ENG2025-00870,20251024,96,2,1,2025,4.8,4.2,4.4,4.8,5.0,10.0,Promoter
871,ENG2025-00871,20251015,99,7,6,2025,3.5,3.9,3.5,3.9,4.1,7.0,Passive
872,ENG2025-00872,20251022,100,1,3,2025,3.5,3.6,3.1,3.7,3.0,9.0,Promoter
873,ENG2025-00873,20251022,101,7,5,2025,3.5,2.6,2.9,3.7,3.4,8.0,Passive
874,ENG2025-00874,20251025,105,8,3,2025,3.5,3.7,3.5,4.0,3.2,7.0,Passive
875,ENG2025-00875,20251019,108,4,3,2025,3.6,4.1,3.2,4.0,4.2,10.0,Promoter
876,ENG2025-00876,20251021,109,5,1,2025,4.0,3.9,3.7,3.8,3.7,7.0,Passive
877,ENG2025-00877,20251024,112,2,3,2025,3.3,3.2,3.4,2.8,3.2,6.0,Detractor
878,ENG2025-00878,20251024,114,1,1,2025,3.2,3.6,3.0,3.5,2.9,5.0,Detractor
879,ENG2025-00879,20251025,115,3,1,2025,3.6,3.8,4.3,4.3,3.3,9.0,Promoter
880,ENG2025-00880,20251027,116,1,1,2025,3.5,3.8,3.4,4.0,3.6,8.0,Passive
881,ENG2025-00881,20251016,120,2,4,2025,3.4,3.7,3.2,4.1,4.0,7.0,Passive
882,ENG2025-00882,20251027,123,3,2,2025,3.3,3.3,3.9,3.9,3.3,8.0,Passive
883,ENG2025-00883,20251027,125,7,1,2025,5.0,4.7,4.9,5.0,5.0,10.0,Promoter
884,ENG2025-00884,20251018,127,1,6,2025,3.2,3.4,3.7,2.9,2.6,6.0,Detractor
885,ENG2025-00885,20251017,129,6,1,2025,3.6,3.7,2.8,3.5,2.9,10.0,Promoter
886,ENG2025-00886,20251018,131,1,1,2025,4.4,4.9,3.3,3.7,4.2,10.0,Promoter
887,ENG2025-00887,20251015,136,7,2,2025,5.0,3.7,3.6,4.8,4.5,10.0,Promoter
888,ENG2025-00888,20251020,139,7,4,2025,5.0,4.0,3.8,4.9,4.0,9.0,Promoter
889,ENG2025-00889,20251026,141,1,3,2025,4.4,3.9,3.8,4.4,3.6,9.0,Promoter
890,ENG2025-00890,20251020,146,1,4,2025,3.2,3.9,3.2,3.6,3.2,8.0,Passive
891,ENG2025-00891,20251028,148,7,1,2025,4.6,4.3,4.1,5.0,4.0,10.0,Promoter
892,ENG2025-00892,20251024,149,1,5,2025,3.1,4.0,2.9,4.0,3.7,7.0,Passive
893,ENG2025-00893,20251026,153,7,1,2025,5.0,4.8,4.4,4.9,5.0,10.0,Promoter
894,ENG2025-00894,20251024,154,1,1,2025,2.4,3.4,2.9,3.4,3.7,7.0,Passive
895,ENG2025-00895,20251021,156,1,6,2025,4.0,4.0,3.2,4.6,2.9,7.0,Passive
896,ENG2025-00896,20251020,160,7,1,2025,4.8,3.7,3.2,4.4,3.6,9.0,Promoter
897,ENG2025-00897,20251018,162,4,1,2025,3.4,3.4,2.7,3.9,3.7,9.0,Promoter
898,ENG2025-00898,20251026,165,5,2,2025,2.7,3.6,3.5,2.6,3.5,6.0,Detractor
899,ENG2025-00899,20251026,167,8,1,2025,2.6,3.0,3.1,3.2,2.3,5.0,Detractor
900,ENG2025-00900,20251027,168,2,1,2025,4.2,5.0,4.4,4.6,3.7,10.0,Promoter
901,ENG2025-00901,20251015,171,7,6,2025,3.9,3.1,3.3,3.0,3.4,6.0,Detractor
902,ENG2025-00902,20251024,174,8,1,2025,3.6,3.1,2.6,3.2,3.1,5.0,Detractor
903,ENG2025-00903,20251026,176,3,1,2025,3.8,3.5,3.7,3.0,2.6,9.0,Promoter
904,ENG2025-00904,20251027,178,7,1,2025,2.9,3.2,3.9,4.1,3.2,8.0,Passive
905,ENG2025-00905,20251018,181,1,1,2025,3.6,2.9,3.1,2.9,2.0,7.0,Passive
906,ENG2025-00906,20251026,182,7,1,2025,3.4,3.5,3.5,3.7,3.8,10.0,Promoter
907,ENG2025-00907,20251018,183,5,2,2025,3.5,4.0,2.2,3.3,2.6,7.0,Passive
908,ENG2025-00908,20251018,188,4,1,2025,4.4,3.4,3.1,4.2,4.1,8.0,Passive
909,ENG2025-00909,20251015,190,7,5,2025,3.0,2.2,2.5,3.3,3.1,6.0,Detractor
910,ENG2025-00910,20251025,194,8,1,2025,2.4,1.7,1.6,2.5,1.8,4.0,Detractor
911,ENG2025-00911,20251028,196,7,6,2025,3.4,3.1,2.5,3.5,3.0,5.0,Detractor
912,ENG2025-00912,20251021,197,6,3,2025,2.4,2.6,1.5,3.0,1.9,1.0,Detractor
913,ENG2025-00913,20251019,198,6,6,2025,4.8,4.6,4.3,4.6,4.5,9.0,Promoter
914,ENG2025-00914,20251025,199,6,1,2025,3.4,3.7,3.5,4.0,4.1,8.0,Passive
915,ENG2025-00915,20251023,200,2,1,2025,2.6,2.3,2.2,2.6,1.7,4.0,Detractor
916,ENG2025-00916,20251025,203,7,1,2025,3.5,3.4,3.1,3.6,3.0,10.0,Promoter
917,ENG2025-00917,20251019,204,1,1,2025,3.3,4.4,3.7,3.7,3.9,10.0,Promoter
918,ENG2025-00918,20251022,205,8,4,2025,3.7,3.3,3.5,3.8,3.6,8.0,Passive
919,ENG2025-00919,20251028,206,1,1,2025,3.3,4.3,3.8,4.1,4.1,9.0,Promoter
920,ENG2025-00920,20251028,208,3,2,2025,5.0,4.4,4.7,5.0,4.3,10.0,Promoter
921,ENG2025-00921,20251024,209,6,1,2025,4.5,3.9,3.5,4.3,4.5,10.0,Promoter
922,ENG2025-00922,20251027,210,7,1,2025,3.7,3.6,3.7,3.3,3.3,6.0,Detractor
923,ENG2025-00923,20251026,211,7,1,2025,3.8,3.9,4.1,4.0,3.1,8.0,Passive
924,ENG2025-00924,20251017,213,2,3,2025,2.6,2.9,3.4,3.4,3.3,6.0,Detractor
925,ENG2025-00925,20251016,214,8,1,2025,2.7,2.6,2.4,2.7,2.4,6.0,Detractor
926,ENG2025-00926,20251027,215,4,1,2025,3.6,4.4,4.0,4.0,3.9,8.0,Passive
927,ENG2025-00927,20251021,216,4,6,2025,3.9,3.2,3.5,3.2,3.0,10.0,Promoter
928,ENG2025-00928,20251028,218,3,1,2025,4.1,3.6,3.7,3.9,3.8,10.0,Promoter
929,ENG2025-00929,20251027,219,3,1,2025,4.2,3.8,3.7,3.4,4.3,9.0,Promoter
930,ENG2025-00930,20251025,222,8,1,2025,2.9,3.4,4.0,3.4,2.2,9.0,Promoter
931,ENG2025-00931,20251018,223,1,3,2025,3.1,4.0,3.1,3.7,3.6,6.0,Detractor
932,ENG2025-00932,20251017,224,1,1,2025,3.0,3.0,2.5,4.1,3.1,5.0,Detractor
933,ENG2025-00933,20251026,228,5,2,2025,2.2,3.1,1.8,2.8,3.0,5.0,Detractor
934,ENG2025-00934,20251023,229,7,1,2025,3.4,2.3,3.2,3.5,3.0,6.0,Detractor
935,ENG2025-00935,20251020,230,8,1,2025,2.5,3.0,2.5,3.4,2.4,4.0,Detractor
936,ENG2025-00936,20251024,232,3,1,2025,4.3,3.7,4.1,4.2,3.3,10.0,Promoter
937,ENG2025-00937,20251021,234,7,2,2025,4.2,3.1,3.5,4.3,4.0,8.0,Passive
938,ENG2025-00938,20251019,237,6,4,2025,3.7,2.6,2.3,1.8,2.8,5.0,Detractor
939,ENG2025-00939,20251015,239,2,4,2025,5.0,5.0,5.0,5.0,4.7,10.0,Promoter
940,ENG2025-00940,20251019,240,8,6,2025,4.3,4.0,3.5,4.8,3.9,10.0,Promoter
941,ENG2025-00941,20251025,242,8,1,2025,3.6,3.4,3.8,4.3,3.7,9.0,Promoter
942,ENG2025-00942,20251015,243,7,1,2025,4.5,3.9,4.4,4.4,3.4,10.0,Promoter
943,ENG2025-00943,20251018,245,1,1,2025,4.2,4.0,3.5,3.3,3.4,7.0,Passive
944,ENG2025-00944,20251015,247,7,1,2025,2.6,2.6,2.6,3.1,2.3,7.0,Passive
945,ENG2025-00945,20251024,248,5,1,2025,4.1,4.7,3.8,5.0,3.4,10.0,Promoter
946,ENG2025-00946,20251027,250,1,1,2025,3.9,3.7,4.8,4.1,3.5,10.0,Promoter
947,ENG2025-00947,20251025,251,1,1,2025,3.6,3.6,3.8,4.0,2.9,7.0,Passive
948,ENG2025-00948,20251025,253,8,6,2025,3.1,3.1,3.9,3.5,2.8,7.0,Passive
949,ENG2025-00949,20251019,254,5,1,2025,2.9,2.5,3.5,3.8,2.8,8.0,Passive
950,ENG2025-00950,20251022,255,1,3,2025,4.7,3.7,3.5,3.8,4.1,9.0,Promoter
951,ENG2025-00951,20251026,256,7,1,2025,4.0,3.6,3.5,4.3,3.7,9.0,Promoter
952,ENG2025-00952,20251016,257,3,1,2025,3.8,4.3,3.8,3.5,3.7,9.0,Promoter
953,ENG2025-00953,20251019,260,8,1,2025,4.7,4.1,3.4,4.6,4.1,9.0,Promoter
954,ENG2025-00954,20251015,264,1,6,2025,3.5,3.6,2.2,2.9,2.9,7.0,Passive
955,ENG2025-00955,20251019,265,7,1,2025,3.7,3.2,3.6,3.9,2.6,9.0,Promoter
956,ENG2025-00956,20251016,266,4,1,2025,4.3,4.5,4.6,4.6,4.9,10.0,Promoter
957,ENG2025-00957,20251025,268,7,6,2025,3.2,3.3,3.6,3.4,2.9,9.0,Promoter
958,ENG2025-00958,20251021,271,2,2,2025,2.8,3.5,2.7,3.3,3.2,7.0,Passive
959,ENG2025-00959,20251018,272,4,1,2025,4.8,4.2,4.0,4.7,2.9,10.0,Promoter
960,ENG2025-00960,20251021,274,7,5,2025,3.1,3.0,3.4,3.9,2.8,8.0,Passive
961,ENG2025-00961,20251018,276,8,1,2025,3.4,4.1,2.4,3.2,4.0,6.0,Detractor
962,ENG2025-00962,20251023,278,3,1,2025,4.5,3.4,3.1,3.8,4.0,9.0,Promoter
963,ENG2025-00963,20251022,282,1,1,2025,3.3,4.0,3.3,4.0,3.6,10.0,Promoter
964,ENG2025-00964,20251021,285,1,4,2025,4.4,4.9,3.4,4.3,4.3,9.0,Promoter
965,ENG2025-00965,20251017,286,1,1,2025,4.1,3.9,4.3,3.7,3.4,7.0,Passive
966,ENG2025-00966,20251025,288,6,1,2025,4.3,4.3,4.3,4.3,3.1,10.0,Promoter
967,ENG2025-00967,20251027,289,7,1,2025,3.6,3.1,2.7,3.0,3.0,7.0,Passive
968,ENG2025-00968,20251022,290,3,1,2025,3.0,2.8,2.4,3.7,2.9,7.0,Passive
969,ENG2025-00969,20251025,291,3,1,2025,3.1,2.7,3.6,3.7,3.3,8.0,Passive
970,ENG2025-00970,20251025,292,7,2,2025,4.3,3.3,3.2,3.0,3.5,8.0,Passive
971,ENG2025-00971,20251017,293,1,1,2025,3.0,4.0,2.9,3.3,3.7,7.0,Passive
972,ENG2025-00972,20251022,296,1,4,2025,3.4,3.3,2.4,3.2,3.7,7.0,Passive
973,ENG2025-00973,20251023,298,8,1,2025,3.8,3.2,3.2,3.3,3.4,6.0,Detractor
974,ENG2025-00974,20251027,302,1,1,2025,3.4,4.3,3.8,3.6,3.5,7.0,Passive
975,ENG2025-00975,20251027,303,1,1,2025,4.8,4.6,4.4,4.8,4.6,10.0,Promoter
976,ENG2025-00976,20251028,304,7,1,2025,3.0,2.5,3.0,3.5,3.2,7.0,Passive
977,ENG2025-00977,20251025,307,4,4,2025,4.5,4.9,4.9,4.9,4.0,9.0,Promoter
978,ENG2025-00978,20251021,309,1,1,2025,2.8,3.4,3.9,3.1,2.7,7.0,Passive
979,ENG2025-00979,20251019,310,4,1,2025,4.0,5.0,4.1,4.7,4.2,10.0,Promoter
980,ENG2025-00980,20251020,311,3,1,2025,3.3,3.3,2.7,3.9,2.3,6.0,Detractor
981,ENG2025-00981,20251017,313,7,1,2025,3.6,3.3,3.4,3.3,3.1,5.0,Detractor
982,ENG2025-00982,20251025,316,4,1,2025,3.9,3.8,3.6,4.1,3.2,8.0,Passive
983,ENG2025-00983,20251017,317,2,1,2025,3.2,3.3,2.8,3.4,3.2,5.0,Detractor
984,ENG2025-00984,20251023,318,1,1,2025,4.1,3.6,3.6,4.0,4.4,8.0,Passive
985,ENG2025-00985,20251024,321,1,1,2025,5.0,5.0,5.0,5.0,4.4,10.0,Promoter
986,ENG2025-00986,20251015,322,5,4,2025,3.0,3.5,3.1,3.4,2.9,4.0,Detractor
987,ENG2025-00987,20251023,327,7,1,2025,3.4,3.7,3.3,3.9,3.0,9.0,Promoter
988,ENG2025-00988,20251023,329,7,2,2025,3.8,3.4,3.6,4.2,3.4,10.0,Promoter
989,ENG2025-00989,20251015,330,1,2,2025,3.9,3.9,3.6,4.2,3.4,8.0,Passive
990,ENG2025-00990,20251021,331,3,3,2025,3.0,3.1,2.6,2.3,3.9,7.0,Passive
991,ENG2025-00991,20251023,333,8,1,2025,3.8,3.4,2.5,4.4,3.2,10.0,Promoter
992,ENG2025-00992,20251025,334,8,6,2025,4.5,4.4,4.2,4.7,4.2,10.0,Promoter
993,ENG2025-00993,20251028,337,3,1,2025,4.1,3.4,3.7,4.2,3.3,7.0,Passive
994,ENG2025-00994,20251019,338,8,1,2025,4.9,4.6,4.0,4.8,4.9,10.0,Promoter
995,ENG2025-00995,20251022,339,5,3,2025,3.9,3.9,3.6,4.5,4.1,10.0,Promoter
996,ENG2025-00996,20251015,340,8,5,2025,4.8,4.9,4.6,4.6,4.5,10.0,Promoter
997,ENG2025-00997,20251028,341,1,1,2025,4.3,3.8,4.0,3.6,3.0,9.0,Promoter
998,ENG2025-00998,20251016,345,3,1,2025,3.3,2.6,1.9,3.0,3.0,6.0,Detractor
999,ENG2025-00999,20251022,353,1,1,2025,2.3,2.9,1.9,2.8,2.5,4.0,Detractor
1000,ENG2025-01000,20251021,354,7,1,2025,4.7,3.4,2.7,3.3,3.1,8.0,Passive
1001,ENG2025-01001,20251022,358,5,1,2025,3.0,3.8,3.0,2.7,3.1,4.0,Detractor
1002,ENG2025-01002,20251017,359,3,1,2025,3.6,4.8,3.1,3.8,3.8,10.0,Promoter
1003,ENG2025-01003,20251017,360,7,4,2025,3.7,3.9,3.4,4.1,3.8,9.0,Promoter
1004,ENG2025-01004,20251017,361,1,6,2025,3.4,3.3,3.5,4.0,3.6,10.0,Promoter
1005,ENG2025-01005,20251016,362,8,1,2025,4.3,2.8,3.7,3.7,2.7,7.0,Passive
1006,ENG2025-01006,20251015,364,7,3,2025,3.0,2.8,2.6,3.2,2.8,5.0,Detractor
1007,ENG2025-01007,20251019,367,6,1,2025,3.7,3.9,3.2,3.8,3.9,7.0,Passive
1008,ENG2025-01008,20251028,369,1,1,2025,2.6,3.5,3.0,3.6,2.6,6.0,Detractor
1009,ENG2025-01009,20251026,370,4,1,2025,2.9,3.3,2.8,2.9,2.5,6.0,Detractor
1010,ENG2025-01010,20251015,373,2,1,2025,4.3,4.6,4.0,4.8,4.2,10.0,Promoter
1011,ENG2025-01011,20251017,374,1,5,2025,2.3,2.3,1.8,1.8,2.8,4.0,Detractor
1012,ENG2025-01012,20251021,375,5,4,2025,2.7,3.5,2.3,3.3,2.3,5.0,Detractor
1013,ENG2025-01013,20251019,376,3,4,2025,3.8,4.1,3.9,4.0,3.7,8.0,Passive
1014,ENG2025-01014,20251028,377,6,2,2025,3.7,3.3,2.5,3.2,2.8,4.0,Detractor
1015,ENG2025-01015,20251023,378,1,2,2025,3.8,4.4,3.0,4.3,4.1,10.0,Promoter
1016,ENG2025-01016,20251016,379,1,1,2025,4.5,4.2,3.4,4.2,3.6,10.0,Promoter
1017,ENG2025-01017,20251026,380,3,5,2025,3.3,3.0,2.9,4.1,2.9,7.0,Passive
1018,ENG2025-01018,20251025,381,4,2,2025,4.6,4.1,3.8,4.8,4.6,8.0,Passive
1019,ENG2025-01019,20251025,383,6,2,2025,3.7,3.7,3.2,3.7,2.8,8.0,Passive
1020,ENG2025-01020,20251016,384,3,1,2025,3.8,3.7,3.2,3.2,3.4,7.0,Passive
1021,ENG2025-01021,20251021,385,7,6,2025,3.0,2.3,2.5,3.5,3.1,4.0,Detractor
1022,ENG2025-01022,20251020,386,2,1,2025,2.9,3.1,2.9,3.5,2.4,7.0,Passive
1023,ENG2025-01023,20251015,387,3,1,2025,4.0,4.3,4.7,4.2,4.3,8.0,Passive
1024,ENG2025-01024,20251017,391,7,3,2025,4.8,4.1,4.0,5.0,4.7,10.0,Promoter
1025,ENG2025-01025,20251022,393,7,6,2025,4.3,3.6,3.1,3.0,3.2,8.0,Passive
1026,ENG2025-01026,20251024,397,2,1,2025,4.1,3.9,4.1,3.8,3.2,8.0,Passive
1027,ENG2025-01027,20251015,398,3,1,2025,3.0,3.1,2.1,2.6,2.8,4.0,Detractor
1028,ENG2025-01028,20251019,400,7,3,2025,2.4,3.0,1.8,2.7,2.2,4.0,Detractor
1029,ENG2025-01029,20251024,404,7,6,2025,2.6,3.7,2.2,3.5,3.3,6.0,Detractor
1030,ENG2025-01030,20251027,406,3,2,2025,3.9,4.0,3.4,4.2,3.5,8.0,Passive
1031,ENG2025-01031,20251018,409,7,1,2025,4.3,4.3,3.7,3.5,3.6,6.0,Detractor
1032,ENG2025-01032,20251023,413,8,3,2025,4.0,4.1,3.2,3.7,4.3,10.0,Promoter
1033,ENG2025-01033,20251027,417,7,2,2025,4.1,3.6,2.8,3.8,2.7,9.0,Promoter
1034,ENG2025-01034,20251022,418,7,1,2025,3.2,3.4,3.1,3.8,3.3,7.0,Passive
1035,ENG2025-01035,20251019,420,5,2,2025,3.1,3.7,3.6,3.2,2.8,6.0,Detractor
1036,ENG2025-01036,20251026,423,4,5,2025,3.2,2.0,2.4,3.0,2.5,5.0,Detractor
1037,ENG2025-01037,20251026,424,3,1,2025,3.1,2.5,2.2,2.4,1.9,5.0,Detractor
1038,ENG2025-01038,20251027,425,1,3,2025,4.1,4.6,4.3,3.9,4.2,8.0,Passive
1039,ENG2025-01039,20251028,426,3,6,2025,4.0,3.4,3.8,3.3,2.6,7.0,Passive
1040,ENG2025-01040,20251019,427,1,6,2025,3.4,3.5,2.3,3.7,2.6,9.0,Promoter
1041,ENG2025-01041,20251027,429,7,1,2025,3.2,3.0,2.5,2.8,2.9,6.0,Detractor
1042,ENG2025-01042,20251019,431,3,2,2025,3.9,4.1,3.4,4.4,4.0,10.0,Promoter
1043,ENG2025-01043,20251025,432,1,1,2025,3.1,4.3,3.7,3.6,4.4,9.0,Promoter
1044,ENG2025-01044,20251020,433,7,1,2025,3.9,3.1,3.6,3.4,4.2,8.0,Passive
1045,ENG2025-01045,20251024,439,8,1,2025,3.6,3.7,3.7,4.1,3.4,10.0,Promoter
1046,ENG2025-01046,20251028,440,7,3,2025,3.8,3.3,3.5,4.4,3.8,10.0,Promoter
1047,ENG2025-01047,20251024,442,8,2,2025,4.1,3.5,3.2,3.7,2.3,9.0,Promoter
1048,ENG2025-01048,20251018,447,4,1,2025,3.2,4.2,3.7,4.1,3.6,9.0,Promoter
1049,ENG2025-01049,20251022,449,1,6,2025,3.3,2.6,2.8,3.3,2.7,8.0,Passive
1050,ENG2025-01050,20251025,450,8,1,2025,3.3,2.8,3.0,4.1,3.1,7.0,Passive
1051,ENG2025-01051,20251025,452,3,2,2025,4.0,3.6,3.7,4.6,3.5,10.0,Promoter
1052,ENG2025-01052,20251020,453,8,2,2025,5.0,3.9,4.3,3.9,4.3,10.0,Promoter
1053,ENG2025-01053,20251017,454,7,1,2025,3.2,3.2,2.7,4.2,3.4,8.0,Passive
1054,ENG2025-01054,20251027,455,4,6,2025,2.6,2.4,3.0,3.1,2.5,4.0,Detractor
1055,ENG2025-01055,20251016,457,7,3,2025,2.8,2.8,2.1,3.0,2.6,6.0,Detractor
1056,ENG2025-01056,20251016,458,7,1,2025,3.9,4.0,4.3,3.9,3.8,7.0,Passive
1057,ENG2025-01057,20251025,460,2,1,2025,4.3,3.0,3.9,4.0,3.5,9.0,Promoter
1058,ENG2025-01058,20251025,461,4,1,2025,4.2,2.9,2.7,4.1,3.9,9.0,Promoter
1059,ENG2025-01059,20251017,462,2,1,2025,4.5,4.1,2.8,3.2,2.8,6.0,Detractor
1060,ENG2025-01060,20251023,463,5,1,2025,3.9,2.9,3.3,3.9,3.2,7.0,Passive
1061,ENG2025-01061,20251022,465,8,2,2025,4.4,4.4,4.1,4.6,4.3,10.0,Promoter
1062,ENG2025-01062,20251022,466,7,4,2025,3.9,3.3,3.2,4.3,4.3,10.0,Promoter
1063,ENG2025-01063,20251026,467,3,2,2025,3.1,3.5,3.5,3.5,3.2,7.0,Passive
1064,ENG2025-01064,20251026,469,7,1,2025,3.2,3.0,2.3,2.8,2.8,6.0,Detractor
1065,ENG2025-01065,20251023,470,1,1,2025,3.4,3.2,2.6,3.1,3.3,8.0,Passive
1066,ENG2025-01066,20251027,472,2,1,2025,2.3,1.9,2.5,2.8,3.0,2.0,Detractor
1067,ENG2025-01067,20251015,473,6,1,2025,4.4,4.0,3.7,4.5,3.0,10.0,Promoter
1068,ENG2025-01068,20251025,474,6,1,2025,3.6,3.8,2.7,3.8,3.0,8.0,Passive
1069,ENG2025-01069,20251016,476,7,1,2025,3.4,4.2,3.2,3.7,3.8,8.0,Passive
1070,ENG2025-01070,20251016,481,8,1,2025,2.8,2.8,3.3,4.3,2.1,7.0,Passive
1071,ENG2025-01071,20251026,483,8,1,2025,3.2,3.4,2.9,3.6,3.3,8.0,Passive
1072,ENG2025-01072,20251015,486,1,2,2025,4.3,3.0,2.9,3.4,3.6,8.0,Passive
1073,ENG2025-01073,20251020,487,1,1,2025,4.1,3.5,2.8,4.0,4.0,9.0,Promoter
1074,ENG2025-01074,20251026,492,8,5,2025,4.4,4.5,3.1,3.3,3.8,7.0,Passive
1075,ENG2025-01075,20251021,493,3,1,2025,4.0,4.3,4.1,3.4,3.8,9.0,Promoter
1076,ENG2025-01076,20251016,494,4,2,2025,3.6,3.4,1.9,3.0,2.7,4.0,Detractor
1077,ENG2025-01077,20251025,495,3,2,2025,2.7,2.6,2.3,2.8,2.6,7.0,Passive
1078,ENG2025-01078,20251025,496,7,2,2025,3.1,4.3,2.8,3.9,3.6,8.0,Passive
1079,ENG2025-01079,20251017,498,7,6,2025,4.1,3.6,3.0,3.9,3.4,8.0,Passive
1080,ENG2025-01080,20251028,500,2,2,2025,4.0,4.7,3.5,4.7,3.8,7.0,Passive
1081,ENG2025-01081,20251025,501,8,4,2025,3.6,3.3,3.5,3.2,2.6,5.0,Detractor
1082,ENG2025-01082,20251019,502,1,6,2025,3.6,4.0,3.0,3.9,3.0,4.0,Detractor
1083,ENG2025-01083,20251026,504,7,3,2025,3.0,2.5,3.0,3.5,2.7,6.0,Detractor
1084,ENG2025-01084,20251020,507,2,1,2025,4.6,4.2,4.0,4.0,4.0,10.0,Promoter
1085,ENG2025-01085,20251016,509,7,1,2025,4.2,3.5,4.9,4.5,4.8,9.0,Promoter
1086,ENG2025-01086,20251028,510,3,3,2025,4.2,3.4,2.2,3.0,3.7,7.0,Passive
1087,ENG2025-01087,20251025,518,2,2,2025,2.9,3.2,3.1,4.3,3.2,7.0,Passive
1088,ENG2025-01088,20251027,521,7,2,2025,3.9,3.7,3.9,4.9,3.5,10.0,Promoter
1089,ENG2025-01089,20251024,528,7,3,2025,3.1,3.0,2.6,3.0,3.3,,Invalid
1090,ENG2025-01090,20251022,529,8,5,2025,3.9,3.8,4.3,4.5,3.9,9.0,Promoter
1091,ENG2025-01091,20251022,530,7,1,2025,2.7,3.3,2.3,2.8,2.7,8.0,Passive
1092,ENG2025-01092,20251026,534,8,1,2025,4.1,4.0,3.2,3.4,3.1,9.0,Promoter
1093,ENG2025-01093,20251021,535,5,3,2025,3.4,4.1,4.1,3.6,3.0,5.0,Detractor
1094,ENG2025-01094,20251027,536,3,1,2025,3.0,3.9,2.5,3.4,3.6,8.0,Passive
1095,ENG2025-01095,20251024,537,7,1,2025,5.0,3.9,4.2,5.0,4.1,10.0,Promoter
1096,ENG2025-01096,20251019,538,3,3,2025,3.7,3.8,3.4,3.8,4.0,9.0,Promoter
1097,ENG2025-01097,20251019,541,8,1,2025,4.4,4.0,3.9,3.8,3.5,10.0,Promoter
1098,ENG2025-01098,20251022,543,3,1,2025,3.2,4.1,3.4,2.8,3.1,10.0,Promoter
1099,ENG2025-01099,20251017,544,6,1,2025,4.7,4.8,3.4,3.8,3.7,10.0,Promoter
1100,ENG2025-01100,20251023,545,4,2,2025,2.8,3.9,2.2,3.4,2.1,7.0,Passive
1101,ENG2025-01101,20251026,547,1,2,2025,2.9,3.0,1.9,3.1,2.4,4.0,Detractor
1102,ENG2025-01102,20251018,548,1,5,2025,4.2,4.3,3.7,4.6,3.6,9.0,Promoter
1103,ENG2025-01103,20251016,549,1,1,2025,4.2,3.7,4.0,4.5,3.3,10.0,Promoter
1104,ENG2025-01104,20251021,551,8,2,2025,4.1,3.5,3.6,3.6,3.3,8.0,Passive
1105,ENG2025-01105,20251026,556,2,6,2025,2.9,4.0,3.2,3.3,3.2,8.0,Passive
1106,ENG2025-01106,20251025,558,6,1,2025,4.7,4.4,3.7,4.6,3.7,10.0,Promoter
1107,ENG2025-01107,20251019,559,8,1,2025,4.2,4.4,4.3,4.5,4.0,10.0,Promoter
1108,ENG2025-01108,20251022,563,8,5,2025,3.1,3.9,3.5,4.5,2.8,9.0,Promoter
1109,ENG2025-01109,20251028,564,1,1,2025,4.2,3.8,3.6,4.0,3.5,9.0,Promoter
1110,ENG2025-01110,20251024,566,4,5,2025,4.5,3.9,4.2,5.0,3.9,9.0,Promoter
1111,ENG2025-01111,20251025,572,3,1,2025,3.6,4.1,4.2,4.8,5.0,8.0,Passive
1112,ENG2025-01112,20251015,576,7,1,2025,3.1,4.1,2.9,3.2,3.8,7.0,Passive
1113,ENG2025-01113,20251028,583,6,5,2025,3.3,4.1,3.3,3.0,2.6,5.0,Detractor
1114,ENG2025-01114,20251017,584,3,3,2025,4.5,4.6,3.3,4.6,4.0,10.0,Promoter
1115,ENG2025-01115,20251020,587,1,1,2025,3.0,3.5,3.9,3.5,3.3,7.0,Passive
1116,ENG2025-01116,20251018,595,7,4,2025,3.1,3.3,3.2,3.0,3.4,8.0,Passive
1117,ENG2025-01117,20251026,597,2,1,2025,4.8,4.7,3.3,4.2,3.9,10.0,Promoter
1118,ENG2025-01118,20251025,599,7,1,2025,3.4,3.8,3.0,2.9,3.9,7.0,Passive
1119,ENG2025-01119,20251026,600,7,2,2025,2.9,3.0,2.7,3.0,2.8,6.0,Detractor
1120,ENG2025-01120,20251028,603,4,3,2025,3.2,4.3,3.7,3.1,3.2,9.0,Promoter
1121,ENG2025-01121,20251016,605,7,5,2025,4.1,3.9,3.3,4.1,3.6,8.0,Passive
1122,ENG2025-01122,20251017,607,3,5,2025,5.0,5.0,3.8,4.1,3.5,10.0,Promoter
1123,ENG2025-01123,20251018,610,7,1,2025,3.8,3.0,3.3,3.7,3.1,10.0,Promoter
1124,ENG2025-01124,20251022,612,2,2,2025,5.0,5.0,4.2,4.7,4.4,10.0,Promoter
1125,ENG2025-01125,20251024,613,8,5,2025,4.3,3.4,3.7,5.0,2.9,9.0,Promoter
1126,ENG2025-01126,20251024,621,3,1,2025,3.6,3.9,3.4,3.7,4.0,10.0,Promoter
1127,ENG2025-01127,20251018,622,8,1,2025,4.4,3.8,4.2,4.9,4.1,10.0,Promoter
1128,ENG2025-01128,20251017,623,7,1,2025,3.6,4.3,3.2,3.8,3.5,10.0,Promoter
1129,ENG2025-01129,20251025,624,8,1,2025,3.4,2.8,3.1,3.1,3.1,6.0,Detractor
1130,ENG2025-01130,20251016,625,2,1,2025,4.3,4.0,3.7,4.0,3.9,6.0,Detractor
1131,ENG2025-01131,20251024,626,7,2,2025,3.1,3.1,3.2,3.1,3.7,8.0,Passive
1132,ENG2025-01132,20251015,628,7,6,2025,3.9,2.8,2.6,3.9,2.7,,Invalid
1133,ENG2025-01133,20251016,629,1,1,2025,3.6,2.8,3.0,3.1,3.2,6.0,Detractor
1134,ENG2025-01134,20251028,630,3,4,2025,4.1,4.1,3.7,4.3,4.1,10.0,Promoter
1135,ENG2025-01135,20251026,631,1,2,2025,2.8,3.0,2.4,2.7,2.2,5.0,Detractor
1136,ENG2025-01136,20251026,632,3,3,2025,4.7,4.2,4.1,4.5,4.2,9.0,Promoter
1137,ENG2025-01137,20251025,633,8,1,2025,4.8,4.3,4.1,4.4,4.1,10.0,Promoter
1138,ENG2025-01138,20251027,634,3,2,2025,4.5,3.9,3.2,3.5,2.8,7.0,Passive
1139,ENG2025-01139,20251018,635,7,2,2025,3.0,2.5,2.4,2.4,2.6,4.0,Detractor
1140,ENG2025-01140,20251020,637,5,3,2025,3.7,4.1,3.2,3.7,3.2,5.0,Detractor
1141,ENG2025-01141,20251024,639,5,4,2025,4.6,3.7,3.7,4.0,3.4,10.0,Promoter
1142,ENG2025-01142,20251016,640,6,6,2025,3.7,3.4,3.2,3.3,3.1,8.0,Passive
1143,ENG2025-01143,20251021,641,7,4,2025,4.3,4.1,3.8,3.9,4.1,8.0,Passive
1144,ENG2025-01144,20251020,642,5,1,2025,3.3,3.2,3.2,3.3,2.9,6.0,Detractor
1145,ENG2025-01145,20251019,643,3,1,2025,3.9,4.1,4.0,4.0,3.3,10.0,Promoter
1146,ENG2025-01146,20251023,645,3,6,2025,5.0,4.7,4.5,5.0,4.6,10.0,Promoter
1147,ENG2025-01147,20251022,647,7,6,2025,3.6,3.6,2.9,3.2,3.3,6.0,Detractor
1148,ENG2025-01148,20251019,648,7,2,2025,3.2,3.5,2.4,3.3,3.5,6.0,Detractor
1149,ENG2025-01149,20251023,649,8,1,2025,4.0,3.9,3.9,3.8,4.1,9.0,Promoter
1150,ENG2025-01150,20251028,651,4,1,2025,4.1,5.0,3.1,4.6,3.6,10.0,Promoter
1151,ENG2025-01151,20251017,652,1,2,2025,4.2,4.1,3.8,4.0,3.6,,Invalid
1152,ENG2025-01152,20251027,654,1,1,2025,2.6,3.2,2.8,3.5,3.0,7.0,Passive
1153,ENG2025-01153,20251024,656,7,2,2025,3.3,3.0,3.6,3.6,3.8,10.0,Promoter
1154,ENG2025-01154,20251019,659,3,1,2025,3.4,4.3,2.8,3.7,2.9,9.0,Promoter
1155,ENG2025-01155,20251022,662,7,3,2025,3.8,3.9,4.0,4.5,3.3,8.0,Passive
1156,ENG2025-01156,20251022,664,7,1,2025,5.0,4.5,4.1,4.2,4.2,10.0,Promoter
1157,ENG2025-01157,20251026,665,2,3,2025,3.3,3.3,4.1,3.6,3.9,9.0,Promoter
1158,ENG2025-01158,20251024,667,8,3,2025,3.0,3.3,3.3,4.0,3.4,6.0,Detractor
1159,ENG2025-01159,20251016,668,7,3,2025,3.4,2.5,3.0,2.4,2.5,6.0,Detractor
1160,ENG2025-01160,20251020,669,3,4,2025,3.4,3.8,3.8,3.8,3.1,9.0,Promoter
1161,ENG2025-01161,20251026,671,8,5,2025,3.0,2.7,2.6,2.8,2.7,6.0,Detractor
1162,ENG2025-01162,20251027,673,2,2,2025,3.9,3.6,2.9,4.1,3.4,9.0,Promoter
1163,ENG2025-01163,20251015,675,7,6,2025,2.6,2.7,2.8,3.8,3.0,8.0,Passive
1164,ENG2025-01164,20251018,677,2,1,2025,4.4,4.9,3.6,3.9,3.5,7.0,Passive
1165,ENG2025-01165,20251018,678,7,2,2025,4.6,4.4,3.9,4.1,4.0,9.0,Promoter
1166,ENG2025-01166,20251026,679,8,3,2025,3.6,2.5,3.0,4.0,2.5,9.0,Promoter
1167,ENG2025-01167,20251028,682,1,1,2025,4.0,4.0,4.4,4.3,3.6,10.0,Promoter
1168,ENG2025-01168,20251024,683,8,3,2025,2.8,2.4,1.8,2.9,2.9,5.0,Detractor
1169,ENG2025-01169,20251023,684,8,6,2025,3.4,3.2,3.4,3.1,3.8,7.0,Passive
1170,ENG2025-01170,20251015,687,7,1,2025,3.8,3.5,3.6,4.7,2.8,10.0,Promoter
1171,ENG2025-01171,20251023,689,2,1,2025,3.9,3.6,3.2,3.7,3.8,8.0,Passive
1172,ENG2025-01172,20251025,690,2,1,2025,4.2,3.9,3.6,4.1,3.6,7.0,Passive
1173,ENG2025-01173,20251026,691,8,3,2025,3.9,3.1,2.5,4.4,3.6,8.0,Passive
1174,ENG2025-01174,20251016,692,3,1,2025,4.0,3.9,3.2,3.6,3.1,8.0,Passive
1175,ENG2025-01175,20251018,693,7,4,2025,3.3,3.6,2.8,4.2,2.9,9.0,Promoter
1176,ENG2025-01176,20251017,694,7,1,2025,5.0,4.7,4.3,4.4,3.7,10.0,Promoter
1177,ENG2025-01177,20251028,696,2,3,2025,2.9,2.9,3.2,3.6,3.3,6.0,Detractor
1178,ENG2025-01178,20251028,697,8,1,2025,4.5,4.1,3.6,3.9,3.5,10.0,Promoter
1179,ENG2025-01179,20251015,698,6,3,2025,3.1,2.6,2.6,3.5,2.5,4.0,Detractor
1180,ENG2025-01180,20251016,701,8,2,2025,3.6,3.6,4.1,3.2,2.9,9.0,Promoter
1181,ENG2025-01181,20251020,703,7,6,2025,2.6,2.7,2.6,2.8,1.9,6.0,Detractor
1182,ENG2025-01182,20251025,705,1,1,2025,3.2,3.3,2.3,2.9,3.1,6.0,Detractor
1183,ENG2025-01183,20251016,707,8,3,2025,3.2,2.8,2.3,2.8,1.9,7.0,Passive
1184,ENG2025-01184,20251024,709,7,2,2025,3.8,3.8,2.9,3.9,3.2,9.0,Promoter
1185,ENG2025-01185,20251027,710,1,1,2025,3.6,3.7,3.1,3.5,3.7,8.0,Passive
1186,ENG2025-01186,20251024,712,8,1,2025,2.7,3.8,2.5,3.3,3.7,7.0,Passive
1187,ENG2025-01187,20251017,713,3,2,2025,4.8,4.8,3.4,5.0,4.1,10.0,Promoter
1188,ENG2025-01188,20251022,714,3,3,2025,3.5,3.9,3.1,3.4,2.7,7.0,Passive
1189,ENG2025-01189,20251023,715,4,1,2025,4.1,3.4,3.7,4.2,3.4,7.0,Passive
1190,ENG2025-01190,20251018,716,2,1,2025,3.5,4.4,2.3,3.8,3.1,7.0,Passive
1191,ENG2025-01191,20251027,717,6,3,2025,3.4,2.6,2.5,2.3,2.7,7.0,Passive
1192,ENG2025-01192,20251020,718,3,1,2025,3.2,3.5,3.6,4.2,3.0,10.0,Promoter
1193,ENG2025-01193,20251020,719,1,5,2025,3.1,4.0,2.3,3.5,2.9,6.0,Detractor
1194,ENG2025-01194,20251018,720,7,2,2025,3.1,3.0,2.5,3.1,2.5,6.0,Detractor
1195,ENG2025-01195,20251026,721,7,1,2025,5.0,4.2,3.6,4.1,3.9,10.0,Promoter
1196,ENG2025-01196,20251019,722,2,5,2025,3.9,4.6,3.0,3.2,3.2,8.0,Passive
1197,ENG2025-01197,20251023,727,8,6,2025,4.1,3.0,2.7,4.2,4.1,8.0,Passive
1198,ENG2025-01198,20251024,729,8,1,2025,2.9,2.4,2.6,3.1,2.7,,Invalid
1199,ENG2025-01199,20251020,731,3,1,2025,3.0,3.7,3.0,3.4,3.0,8.0,Passive
1200,ENG2025-01200,20251024,733,7,2,2025,4.0,3.1,3.2,3.8,3.4,10.0,Promoter
1201,ENG2025-01201,20251018,734,3,1,2025,4.2,4.1,3.2,5.0,3.5,10.0,Promoter
1202,ENG2025-01202,20251027,736,1,1,2025,4.2,3.7,3.1,3.4,3.6,,Invalid
1203,ENG2025-01203,20251015,737,7,1,2025,4.1,3.7,3.3,3.7,3.9,9.0,Promoter
1204,ENG2025-01204,20251025,739,8,1,2025,3.8,4.2,3.4,4.2,3.6,10.0,Promoter
1205,ENG2025-01205,20251028,740,2,1,2025,4.3,4.1,4.2,4.1,4.0,9.0,Promoter
1206,ENG2025-01206,20251026,741,7,2,2025,3.6,2.5,2.3,3.8,4.0,9.0,Promoter
1207,ENG2025-01207,20251027,742,8,1,2025,4.5,4.7,4.8,4.3,3.9,9.0,Promoter
1208,ENG2025-01208,20251021,743,1,6,2025,3.4,3.8,2.6,3.7,3.6,6.0,Detractor
1209,ENG2025-01209,20251022,747,3,5,2025,3.1,3.8,2.6,3.5,3.2,7.0,Passive
1210,ENG2025-01210,20251026,748,8,6,2025,3.1,1.4,2.2,2.7,1.9,4.0,Detractor
1211,ENG2025-01211,20251016,749,8,1,2025,3.0,2.5,2.1,3.3,1.7,4.0,Detractor
1212,ENG2025-01212,20251019,751,7,2,2025,4.1,4.7,3.1,4.3,3.7,10.0,Promoter
1213,ENG2025-01213,20251024,752,8,3,2025,3.9,3.1,4.3,4.1,4.5,9.0,Promoter
1214,ENG2025-01214,20251022,753,3,2,2025,3.4,3.8,3.4,4.2,3.6,10.0,Promoter
1215,ENG2025-01215,20251019,755,7,1,2025,2.9,2.4,2.9,2.9,3.2,7.0,Passive
1216,ENG2025-01216,20251028,756,1,1,2025,4.2,4.9,3.7,5.0,3.8,10.0,Promoter
1217,ENG2025-01217,20251027,757,3,3,2025,4.6,5.0,4.7,4.8,3.6,10.0,Promoter
1218,ENG2025-01218,20251026,758,1,6,2025,2.9,3.3,2.6,3.1,2.6,6.0,Detractor
1219,ENG2025-01219,20251022,760,1,1,2025,2.7,3.1,2.7,3.5,2.9,9.0,Promoter
1220,ENG2025-01220,20251021,761,7,1,2025,3.6,3.9,4.4,3.5,3.9,10.0,Promoter
1221,ENG2025-01221,20251017,762,8,1,2025,4.1,3.3,3.7,4.1,3.5,6.0,Detractor
1222,ENG2025-01222,20251025,763,7,2,2025,4.6,4.5,4.4,4.5,4.2,10.0,Promoter
1223,ENG2025-01223,20251015,764,1,2,2025,3.0,3.4,3.4,4.3,3.7,7.0,Passive
1224,ENG2025-01224,20251019,765,1,1,2025,3.9,3.9,2.8,3.9,3.4,7.0,Passive
1225,ENG2025-01225,20251015,766,7,1,2025,3.1,2.9,2.5,2.3,3.2,6.0,Detractor
1226,ENG2025-01226,20251019,767,8,1,2025,5.0,3.7,4.1,3.8,3.9,10.0,Promoter
1227,ENG2025-01227,20251018,768,7,1,2025,4.1,4.6,3.9,4.3,4.7,8.0,Passive
1228,ENG2025-01228,20251024,770,8,5,2025,3.5,3.8,4.2,3.9,3.0,10.0,Promoter
1229,ENG2025-01229,20251020,772,1,1,2025,4.6,4.7,3.9,4.4,3.3,8.0,Passive
1230,ENG2025-01230,20251016,775,6,3,2025,3.7,4.4,3.3,4.4,4.3,8.0,Passive
1231,ENG2025-01231,20251022,776,8,2,2025,4.9,3.3,4.0,4.4,4.3,9.0,Promoter
1232,ENG2025-01232,20251025,777,7,3,2025,2.5,2.5,2.6,2.3,3.1,5.0,Detractor
1233,ENG2025-01233,20251022,778,3,3,2025,3.5,4.5,4.5,3.9,4.9,9.0,Promoter
1234,ENG2025-01234,20251016,779,2,5,2025,3.4,3.7,2.9,3.8,3.5,9.0,Promoter
1235,ENG2025-01235,20251022,781,5,4,2025,2.3,2.7,2.7,3.3,2.0,5.0,Detractor
1236,ENG2025-01236,20251016,782,7,1,2025,2.9,2.6,2.5,3.8,3.5,6.0,Detractor
1237,ENG2025-01237,20251028,783,7,4,2025,4.0,3.2,3.8,3.4,4.0,10.0,Promoter
1238,ENG2025-01238,20251019,785,3,1,2025,3.0,3.2,3.2,3.6,3.1,4.0,Detractor
1239,ENG2025-01239,20251026,786,2,2,2025,4.1,4.4,2.5,3.8,3.4,9.0,Promoter
1240,ENG2025-01240,20251028,789,1,1,2025,2.9,2.4,2.0,3.8,3.1,6.0,Detractor
1241,ENG2025-01241,20251015,790,8,1,2025,3.1,3.6,2.9,3.2,3.1,7.0,Passive
1242,ENG2025-01242,20251021,791,2,6,2025,4.4,3.8,3.6,4.6,3.3,8.0,Passive
1243,ENG2025-01243,20251016,792,7,1,2025,3.9,3.7,3.9,4.0,3.2,10.0,Promoter
1244,ENG2025-01244,20251020,793,8,3,2025,3.8,2.9,3.6,4.0,3.4,8.0,Passive
1245,ENG2025-01245,20251020,795,7,4,2025,3.7,3.5,3.5,3.9,3.2,10.0,Promoter
1246,ENG2025-01246,20251024,797,1,3,2025,3.0,2.6,2.3,2.9,2.0,4.0,Detractor
1247,ENG2025-01247,20251017,798,7,3,2025,3.9,3.7,2.6,3.1,3.7,7.0,Passive
1248,ENG2025-01248,20251019,800,8,4,2025,2.9,2.6,2.7,2.8,2.9,4.0,Detractor
1249,ENG2025-01249,20251018,801,8,5,2025,3.5,2.2,2.9,3.1,3.2,3.0,Detractor
1250,ENG2025-01250,20251027,802,4,1,2025,5.0,5.0,3.3,4.6,4.2,8.0,Passive
1251,ENG2025-01251,20251024,803,8,1,2025,3.4,4.0,4.3,4.4,3.5,9.0,Promoter
1252,ENG2025-01252,20251017,804,8,5,2025,5.0,4.4,3.6,4.9,4.1,9.0,Promoter
1253,ENG2025-01253,20251018,805,5,3,2025,4.2,4.1,3.4,3.6,3.3,8.0,Passive
1254,ENG2025-01254,20251023,806,7,3,2025,2.7,2.4,2.5,3.5,2.8,5.0,Detractor
1255,ENG2025-01255,20251028,807,3,1,2025,4.5,3.8,3.7,3.4,3.1,8.0,Passive
1256,ENG2025-01256,20251021,808,7,6,2025,4.0,4.0,3.8,4.3,3.4,8.0,Passive
1257,ENG2025-01257,20251016,809,1,1,2025,4.4,4.1,3.5,4.8,4.3,10.0,Promoter
1258,ENG2025-01258,20251022,810,1,1,2025,3.0,3.6,3.1,3.6,3.3,8.0,Passive
1259,ENG2025-01259,20251021,812,7,5,2025,3.9,3.7,3.4,4.5,4.1,9.0,Promoter
1260,ENG2025-01260,20251019,813,7,4,2025,2.9,2.9,1.7,2.7,2.8,6.0,Detractor
1261,ENG2025-01261,20251027,814,3,1,2025,5.0,4.1,3.5,3.9,3.9,10.0,Promoter
1262,ENG2025-01262,20251024,815,1,3,2025,3.0,3.6,2.3,2.7,3.2,6.0,Detractor
1263,ENG2025-01263,20251017,816,1,5,2025,3.6,2.9,3.1,3.5,3.9,7.0,Passive
1264,ENG2025-01264,20251023,817,1,1,2025,3.4,3.4,3.4,3.5,3.7,9.0,Promoter
1265,ENG2025-01265,20251017,819,8,3,2025,2.5,2.5,2.4,2.3,1.7,3.0,Detractor
1266,ENG2025-01266,20251015,821,1,3,2025,3.6,3.6,2.9,3.8,3.4,9.0,Promoter
1267,ENG2025-01267,20251020,822,1,1,2025,4.6,5.0,4.6,5.0,4.7,10.0,Promoter
1268,ENG2025-01268,20251028,824,3,4,2025,4.1,4.7,4.0,4.7,3.9,10.0,Promoter
1269,ENG2025-01269,20251022,825,3,1,2025,3.4,4.0,2.8,4.1,3.2,10.0,Promoter
1270,ENG2025-01270,20251020,828,3,2,2025,2.7,3.4,2.1,3.5,2.6,4.0,Detractor
1271,ENG2025-01271,20251023,830,3,3,2025,2.9,3.3,3.7,3.2,3.6,6.0,Detractor
1272,ENG2025-01272,20251022,831,2,1,2025,3.8,4.2,2.9,4.5,3.7,8.0,Passive
1273,ENG2025-01273,20251022,832,7,1,2025,3.6,3.1,3.3,4.1,3.6,6.0,Detractor
