response_id,employee_id,survey_year,survey_date,engagement_score,work_life_balance,compensation_satisfaction,manager_support,career_growth,enps_score
ENG2023-00001,EMP00002,2023,2023-10-21,3.8,3.6,3.7,3.9,2.8,10
ENG2023-00002,EMP00005,2023,2023-10-18,3.3,2.8,3.3,3.9,3.1,9
ENG2023-00003,EMP00006,2023,2023-10-19,2.2,3.1,3.0,2.9,2.8,4
ENG2023-00004,EMP00007,2023,2023-10-21,3.2,4.2,2.9,3.2,2.4,8
ENG2023-00005,EMP00008,2023,2023-10-24,4.0,3.0,2.5,3.9,3.3,8
ENG2023-00006,EMP00011,2023,2023-10-23,4.6,3.8,3.6,4.5,3.5,9
ENG2023-00007,EMP00013,2023,2023-10-24,3.7,4.2,3.5,4.2,3.3,8
ENG2023-00008,EMP00015,2023,2023-10-25,3.2,2.8,2.5,3.5,2.2,6
ENG2023-00009,EMP00017,2023,2023-10-22,2.9,3.5,2.6,3.1,3.5,8
ENG2023-00010,EMP00018,2023,2023-10-22,3.0,3.5,3.1,3.3,3.5,8
ENG2023-00011,EMP00021,2023,2023-10-15,3.4,3.2,3.1,3.6,3.2,9
ENG2023-00012,EMP00022,2023,2023-10-27,3.2,4.8,3.2,3.5,3.7,8
ENG2023-00013,EMP00024,2023,2023-10-16,3.5,3.5,3.8,3.9,3.0,9
ENG2023-00014,EMP00025,2023,2023-10-20,3.7,4.0,3.5,4.3,4.0,9
ENG2023-00015,EMP00026,2023,2023-10-18,3.5,3.1,3.0,4.1,3.2,6
ENG2023-00016,EMP00028,2023,2023-10-28,3.4,3.4,3.0,3.6,3.9,8
ENG2023-00017,EMP00029,2023,2023-10-16,3.5,3.1,3.2,4.2,3.4,8
ENG2023-00018,EMP00030,2023,2023-10-21,4.6,5.0,4.6,4.4,4.2,10
ENG2023-00019,EMP00031,2023,2023-10-17,4.2,4.2,4.6,4.1,3.7,10
ENG2023-00020,EMP00033,2023,2023-10-21,2.9,2.4,2.6,2.7,2.4,7
ENG2023-00021,EMP00034,2023,2023-10-20,4.8,3.5,3.0,4.9,3.8,11
ENG2023-00022,EMP00035,2023,2023-10-21,3.0,3.2,3.3,3.0,3.0,5
ENG2023-00023,EMP00037,2023,2023-10-26,4.6,5.0,4.8,5.0,4.7,10
ENG2023-00024,EMP00038,2023,2023-10-24,3.0,3.4,3.2,3.2,3.7,7
ENG2023-00025,EMP00039,2023,2023-10-15,2.1,2.7,2.1,2.4,2.3,5
ENG2023-00026,EMP00040,2023,2023-10-18,3.5,3.9,3.9,4.8,3.6,10
ENG2023-00027,EMP00041,2023,2023-10-17,2.8,2.4,1.8,3.2,2.2,5
ENG2023-00028,EMP00042,2023,2023-10-23,3.1,2.9,2.5,4.0,3.4,6
ENG2023-00029,EMP00043,2023,2023-10-19,3.5,3.6,2.8,4.0,3.4,8
ENG2023-00030,EMP00044,2023,2023-10-28,3.5,3.7,2.9,3.8,2.6,7
ENG2023-00031,EMP00046,2023,2023-10-20,3.7,3.3,3.6,4.1,3.8,7
ENG2023-00032,EMP00047,2023,2023-10-23,3.9,3.2,3.7,4.5,3.5,8
ENG2023-00033,EMP00048,2023,2023-10-22,3.0,3.0,2.6,2.8,2.5,8
ENG2023-00034,EMP00050,2023,2023-10-23,4.0,3.9,3.7,4.2,3.9,10
ENG2023-00035,EMP00051,2023,2023-10-18,3.7,3.5,3.2,3.8,3.4,9
ENG2023-00036,EMP00053,2023,2023-10-28,3.0,2.9,2.7,2.5,2.9,5
ENG2023-00037,EMP00055,2023,2023-10-23,3.4,3.7,3.2,4.9,3.7,8
ENG2023-00038,EMP00057,2023,2023-10-24,3.5,2.9,1.9,3.1,2.6,4
ENG2023-00039,EMP00058,2023,2023-10-28,4.4,4.6,4.3,5.0,4.1,10
ENG2023-00040,EMP00059,2023,2023-10-22,3.8,4.1,3.1,4.0,2.9,10
ENG2023-00041,EMP00060,2023,2023-10-25,3.5,3.6,3.3,3.7,3.5,8
ENG2023-00042,EMP00061,2023,2023-10-25,4.0,3.9,3.8,4.8,3.5,8
ENG2023-00043,EMP00062,2023,2023-10-19,3.2,2.8,2.8,3.5,3.2,8
ENG2023-00044,EMP00063,2023,2023-10-15,2.6,3.6,3.1,4.2,4.3,10
ENG2023-00045,EMP00064,2023,2023-10-19,4.3,3.4,3.5,4.4,3.6,10
ENG2023-00046,EMP00067,2023,2023-10-24,3.9,3.5,3.7,3.9,3.6,9
ENG2023-00047,EMP00069,2023,2023-10-26,3.4,3.9,3.3,3.8,3.3,8
ENG2023-00048,EMP00071,2023,2023-10-25,2.9,2.9,2.2,3.5,2.3,6
ENG2023-00049,EMP00072,2023,2023-10-19,4.2,4.4,4.1,4.2,3.5,10
ENG2023-00050,EMP00073,2023,2023-10-23,5.0,4.6,4.1,4.7,4.3,10
ENG2023-00051,EMP00074,2023,2023-10-26,2.7,3.3,2.9,2.5,3.4,11
ENG2023-00052,EMP00075,2023,2023-10-18,2.5,2.2,1.3,2.6,2.1,1
ENG2023-00053,EMP00077,2023,2023-10-19,3.2,3.1,2.2,2.6,3.0,6
ENG2023-00054,EMP00080,2023,2023-10-23,4.4,3.8,3.4,3.9,4.1,9
ENG2023-00055,EMP00081,2023,2023-10-21,4.0,5.0,4.1,4.3,4.2,10
ENG2023-00056,EMP00082,2023,2023-10-28,4.2,4.0,4.0,3.9,3.3,8
ENG2023-00057,EMP00083,2023,2023-10-21,3.0,2.9,2.5,2.8,2.8,7
ENG2023-00058,EMP00084,2023,2023-10-22,3.7,2.9,3.0,2.8,3.1,8
ENG2023-00059,EMP00085,2023,2023-10-18,1.6,2.3,1.4,1.9,2.8,3
ENG2023-00060,EMP00086,2023,2023-10-21,3.1,4.2,3.6,3.6,3.4,7
ENG2023-00061,EMP00091,2023,2023-10-24,3.8,4.0,3.9,3.6,3.3,9
ENG2023-00062,EMP00092,2023,2023-10-20,3.7,3.0,2.5,1.6,1.9,6
ENG2023-00063,EMP00093,2023,2023-10-25,3.4,3.1,3.1,3.3,2.5,6
ENG2023-00064,EMP00094,2023,2023-10-17,4.2,3.9,3.0,4.5,4.0,10
ENG2023-00065,EMP00095,2023,2023-10-18,3.7,3.0,3.1,3.6,3.6,9
ENG2023-00066,EMP00096,2023,2023-10-19,5.0,4.9,3.8,5.0,4.2,10
ENG2023-00067,EMP00097,2023,2023-10-17,3.8,4.0,2.8,3.7,3.7,7
ENG2023-00068,EMP00098,2023,2023-10-17,2.5,2.3,1.0,2.5,2.6,6
ENG2023-00069,EMP00099,2023,2023-10-19,4.3,4.1,4.1,3.9,3.2,7
ENG2023-00070,EMP00100,2023,2023-10-28,3.0,3.9,3.1,2.9,3.0,8
ENG2023-00071,EMP00101,2023,2023-10-27,4.1,3.2,3.3,3.2,3.4,6
ENG2023-00072,EMP00103,2023,2023-10-16,3.4,4.4,3.0,3.7,3.6,8
ENG2023-00073,EMP00104,2023,2023-10-17,3.8,3.8,3.5,4.0,2.8,8
ENG2023-00074,EMP00105,2023,2023-10-19,3.1,3.7,3.2,3.0,3.1,5
ENG2023-00075,EMP00106,2023,2023-10-21,3.8,3.4,2.8,3.8,3.2,6
ENG2023-00076,EMP00108,2023,2023-10-27,3.2,3.3,2.7,3.4,3.2,8
ENG2023-00077,EMP00109,2023,2023-10-20,3.8,4.1,2.9,3.5,3.9,9
ENG2023-00078,EMP00111,2023,2023-10-21,2.7,3.3,2.3,3.0,2.3,6
ENG2023-00079,EMP00112,2023,2023-10-24,2.5,2.8,2.5,2.8,2.5,7
ENG2023-00080,EMP00114,2023,2023-10-15,3.3,3.9,2.9,2.5,2.2,6
ENG2023-00081,EMP00115,2023,2023-10-26,4.4,3.9,2.9,4.1,3.3,7
ENG2023-00082,EMP00116,2023,2023-10-24,4.4,3.9,3.3,4.1,4.0,8
ENG2023-00083,EMP00118,2023,2023-10-23,2.9,2.9,2.6,3.2,2.2,7
ENG2023-00084,EMP00120,2023,2023-10-26,3.4,2.7,2.7,2.7,3.5,10
ENG2023-00085,EMP00121,2023,2023-10-24,2.8,2.2,1.9,2.8,2.2,4
ENG2023-00086,EMP00122,2023,2023-10-26,4.0,3.9,2.4,3.7,2.7,6
ENG2023-00087,EMP00123,2023,2023-10-18,3.3,4.1,2.8,4.3,3.5,8
ENG2023-00088,EMP00126,2023,2023-10-15,2.9,2.8,1.1,1.7,3.0,5
ENG2023-00089,EMP00127,2023,2023-10-27,3.0,3.1,2.9,3.8,2.7,4
ENG2023-00090,EMP00128,2023,2023-10-22,3.3,3.2,2.2,2.9,4.0,6
ENG2023-00091,EMP00129,2023,2023-10-25,3.2,3.9,2.9,3.2,3.3,8
ENG2023-00092,EMP00131,2023,2023-10-26,3.7,3.1,3.4,3.8,3.2,10
ENG2023-00093,EMP00132,2023,2023-10-17,3.9,3.5,2.6,3.3,3.0,8
ENG2023-00094,EMP00133,2023,2023-10-16,4.3,4.6,3.2,4.3,3.1,8
ENG2023-00095,EMP00135,2023,2023-10-18,2.6,2.9,2.6,3.1,2.6,5
ENG2023-00096,EMP00136,2023,2023-10-22,4.7,3.6,4.3,5.0,3.7,9
ENG2023-00097,EMP00137,2023,2023-10-16,2.7,4.3,3.2,3.1,3.7,4
ENG2023-00098,EMP00139,2023,2023-10-22,4.7,4.3,3.9,4.5,3.8,9
ENG2023-00099,EMP00140,2023,2023-10-20,3.0,2.7,2.3,3.9,2.7,8
ENG2023-00100,EMP00141,2023,2023-10-23,4.7,3.3,3.7,4.2,3.5,7
ENG2023-00101,EMP00142,2023,2023-10-24,2.8,3.3,2.9,2.5,1.8,7
ENG2023-00102,EMP00143,2023,2023-10-21,4.3,3.8,3.6,4.0,3.8,9
ENG2023-00103,EMP00148,2023,2023-10-22,4.8,4.4,4.1,4.5,4.7,10
ENG2023-00104,EMP00149,2023,2023-10-27,3.3,3.3,3.3,3.5,3.3,9
ENG2023-00105,EMP00150,2023,2023-10-16,3.2,2.1,2.7,3.5,2.0,4
ENG2023-00106,EMP00152,2023,2023-10-21,3.6,3.9,2.7,3.5,3.4,4
ENG2023-00107,EMP00153,2023,2023-10-24,4.8,4.8,4.5,5.0,4.4,10
ENG2023-00108,EMP00154,2023,2023-10-26,3.5,3.7,3.4,3.5,3.1,8
ENG2023-00109,EMP00155,2023,2023-10-21,4.1,2.9,2.5,3.2,2.8,4
ENG2023-00110,EMP00156,2023,2023-10-16,4.0,3.7,3.9,3.8,3.4,8
ENG2023-00111,EMP00157,2023,2023-10-20,4.7,3.4,3.6,4.4,3.6,10
ENG2023-00112,EMP00162,2023,2023-10-15,3.5,3.9,3.7,3.3,3.4,7
ENG2023-00113,EMP00165,2023,2023-10-21,3.5,2.8,2.0,3.6,3.1,6
ENG2023-00114,EMP00166,2023,2023-10-25,2.7,2.0,2.7,1.8,2.3,3
ENG2023-00115,EMP00167,2023,2023-10-21,2.4,2.7,2.1,2.3,2.6,6
ENG2023-00116,EMP00168,2023,2023-10-17,4.7,4.7,4.1,4.6,4.5,10
ENG2023-00117,EMP00169,2023,2023-10-15,2.8,3.2,1.8,2.9,3.1,4
ENG2023-00118,EMP00170,2023,2023-10-17,5.0,4.5,4.1,4.8,3.7,10
ENG2023-00119,EMP00171,2023,2023-10-20,3.8,3.9,2.8,3.4,3.1,9
ENG2023-00120,EMP00172,2023,2023-10-17,3.7,2.9,2.9,2.9,2.6,5
ENG2023-00121,EMP00173,2023,2023-10-16,2.6,3.4,3.2,3.9,2.3,8
ENG2023-00122,EMP00174,2023,2023-10-19,2.9,3.3,2.8,3.7,2.9,6
ENG2023-00123,EMP00175,2023,2023-10-20,2.0,2.4,2.4,3.1,2.3,5
ENG2023-00124,EMP00176,2023,2023-10-27,3.3,3.0,3.2,3.9,3.7,7
ENG2023-00125,EMP00177,2023,2023-10-25,3.8,4.0,3.2,4.7,3.9,9
ENG2023-00126,EMP00178,2023,2023-10-17,3.9,3.6,2.9,3.2,3.5,10
ENG2023-00127,EMP00179,2023,2023-10-20,3.4,4.4,4.0,4.1,4.4,10
ENG2023-00128,EMP00181,2023,2023-10-28,2.4,3.7,2.9,3.1,3.5,7
ENG2023-00129,EMP00182,2023,2023-10-16,4.4,3.5,3.5,4.9,3.6,10
ENG2023-00130,EMP00183,2023,2023-10-16,3.1,3.4,3.1,3.2,3.1,8
ENG2023-00131,EMP00184,2023,2023-10-25,3.6,3.2,3.6,3.8,3.9,6
ENG2023-00132,EMP00186,2023,2023-10-26,5.0,3.9,4.6,4.5,4.1,10
ENG2023-00133,EMP00187,2023,2023-10-26,4.3,4.3,4.4,4.0,3.6,8
ENG2023-00134,EMP00188,2023,2023-10-15,3.1,4.0,3.6,3.4,3.6,10
ENG2023-00135,EMP00189,2023,2023-10-26,2.8,2.9,2.9,3.2,2.9,8
ENG2023-00136,EMP00190,2023,2023-10-15,3.3,3.0,3.3,3.2,3.2,7
ENG2023-00137,EMP00191,2023,2023-10-15,2.9,3.6,3.6,3.9,3.3,6
ENG2023-00138,EMP00193,2023,2023-10-17,2.3,2.5,2.3,2.7,2.2,5
ENG2023-00139,EMP00195,2023,2023-10-19,3.4,2.6,2.4,3.5,3.0,8
ENG2023-00140,EMP00197,2023,2023-10-15,2.7,2.0,2.3,1.9,1.9,4
ENG2023-00141,EMP00200,2023,2023-10-15,2.5,2.4,2.4,2.6,2.6,6
ENG2023-00142,EMP00201,2023,2023-10-24,4.1,3.8,2.5,3.7,3.0,9
ENG2023-00143,EMP00202,2023,2023-10-18,3.4,3.2,3.3,3.7,2.8,8
ENG2023-00144,EMP00203,2023,2023-10-24,3.1,3.2,2.2,3.9,3.5,8
ENG2023-00145,EMP00204,2023,2023-10-22,4.5,3.8,3.8,3.4,3.6,8
ENG2023-00146,EMP00205,2023,2023-10-18,3.9,3.3,2.7,4.0,3.6,7
ENG2023-00147,EMP00208,2023,2023-10-27,4.2,5.0,4.1,5.0,3.8,10
ENG2023-00148,EMP00209,2023,2023-10-24,5.0,4.2,4.0,4.3,4.2,10
ENG2023-00149,EMP00210,2023,2023-10-26,4.3,3.4,2.8,3.2,4.0,6
ENG2023-00150,EMP00211,2023,2023-10-18,3.9,3.8,3.1,4.2,4.2,9
ENG2023-00151,EMP00212,2023,2023-10-18,3.2,2.5,2.4,2.9,2.5,3
ENG2023-00152,EMP00213,2023,2023-10-16,3.7,3.2,2.3,2.8,3.1,6
ENG2023-00153,EMP00214,2023,2023-10-28,2.9,2.6,2.3,3.6,2.8,5
ENG2023-00154,EMP00216,2023,2023-10-16,4.0,4.7,3.1,3.5,3.2,9
ENG2023-00155,EMP00217,2023,2023-10-26,3.1,3.1,2.8,3.2,2.9,7
ENG2023-00156,EMP00219,2023,2023-10-18,4.3,4.6,3.2,4.4,3.0,10
ENG2023-00157,EMP00220,2023,2023-10-15,2.6,2.9,2.8,3.4,3.0,6
ENG2023-00158,EMP00221,2023,2023-10-15,3.5,3.2,2.9,3.1,3.6,6
ENG2023-00159,EMP00222,2023,2023-10-17,3.5,3.2,2.8,3.2,1.9,7
ENG2023-00160,EMP00223,2023,2023-10-24,3.8,4.1,2.7,3.7,3.1,7
ENG2023-00161,EMP00224,2023,2023-10-28,3.1,2.7,2.5,2.8,3.1,4
ENG2023-00162,EMP00225,2023,2023-10-26,3.0,3.5,3.7,4.3,2.9,10
ENG2023-00163,EMP00226,2023,2023-10-25,4.6,4.7,5.0,4.6,4.9,10
ENG2023-00164,EMP00227,2023,2023-10-16,2.7,3.2,2.8,3.7,2.2,5
ENG2023-00165,EMP00228,2023,2023-10-24,2.9,2.6,2.3,3.3,1.9,6
ENG2023-00166,EMP00229,2023,2023-10-17,2.9,3.3,3.0,3.5,2.7,8
ENG2023-00167,EMP00230,2023,2023-10-25,3.4,2.1,2.2,2.8,3.0,3
ENG2023-00168,EMP00234,2023,2023-10-19,3.8,3.5,3.6,3.6,3.2,10
ENG2023-00169,EMP00236,2023,2023-10-17,3.0,2.8,2.6,3.0,2.7,7
ENG2023-00170,EMP00237,2023,2023-10-27,2.3,3.2,2.1,2.6,2.0,3
ENG2023-00171,EMP00238,2023,2023-10-18,4.3,3.0,2.7,3.8,2.7,8
ENG2023-00172,EMP00239,2023,2023-10-16,5.0,5.0,5.0,5.0,5.0,10
ENG2023-00173,EMP00241,2023,2023-10-21,3.3,3.4,3.1,3.4,2.7,7
ENG2023-00174,EMP00243,2023,2023-10-21,4.0,3.5,4.1,4.2,4.0,9
ENG2023-00175,EMP00244,2023,2023-10-15,3.5,3.1,3.0,3.0,3.9,7
ENG2023-00176,EMP00245,2023,2023-10-25,3.5,4.1,2.5,3.0,3.1,9
ENG2023-00177,EMP00246,2023,2023-10-28,4.2,3.6,3.7,4.3,3.1,9
ENG2023-00178,EMP00247,2023,2023-10-25,2.0,2.1,2.8,2.8,2.1,7
ENG2023-00179,EMP00250,2023,2023-10-23,4.6,4.4,3.6,4.8,4.0,10
ENG2023-00180,EMP00253,2023,2023-10-15,3.4,3.3,3.3,3.4,2.8,8
ENG2023-00181,EMP00255,2023,2023-10-18,4.5,4.3,3.9,4.5,4.9,10
ENG2023-00182,EMP00257,2023,2023-10-15,4.2,4.2,3.7,4.1,3.5,9
ENG2023-00183,EMP00260,2023,2023-10-18,4.0,3.0,3.7,4.4,4.1,10
ENG2023-00184,EMP00262,2023,2023-10-19,3.1,3.2,4.0,4.0,4.0,7
ENG2023-00185,EMP00265,2023,2023-10-18,3.3,3.2,2.8,4.4,2.9,8
ENG2023-00186,EMP00266,2023,2023-10-23,4.3,4.7,4.1,4.9,4.8,10
ENG2023-00187,EMP00267,2023,2023-10-28,2.6,2.5,2.5,3.4,2.0,4
ENG2023-00188,EMP00270,2023,2023-10-19,1.4,2.4,2.3,1.9,1.7,3
ENG2023-00189,EMP00274,2023,2023-10-22,3.1,3.1,2.6,4.2,3.2,8
ENG2023-00190,EMP00277,2023,2023-10-23,2.5,2.7,3.6,3.6,3.3,7
ENG2023-00191,EMP00278,2023,2023-10-26,3.5,3.5,4.1,3.5,4.0,10
ENG2023-00192,EMP00279,2023,2023-10-24,3.4,3.0,2.8,3.6,2.9,7
ENG2023-00193,EMP00280,2023,2023-10-22,2.5,2.4,1.6,2.9,3.3,5
ENG2023-00194,EMP00286,2023,2023-10-23,3.7,4.3,3.5,3.9,4.3,9
ENG2023-00195,EMP00288,2023,2023-10-26,4.4,4.3,3.8,3.8,4.3,10
ENG2023-00196,EMP00289,2023,2023-10-23,2.5,3.1,2.4,3.8,2.8,9
ENG2023-00197,EMP00290,2023,2023-10-26,2.8,3.6,2.7,2.9,3.8,7
ENG2023-00198,EMP00291,2023,2023-10-24,3.4,2.7,2.9,3.6,3.3,7
ENG2023-00199,EMP00292,2023,2023-10-26,3.3,3.3,2.4,3.6,2.7,7
ENG2023-00200,EMP00293,2023,2023-10-16,2.8,3.0,2.4,2.9,3.8,5
ENG2023-00201,EMP00296,2023,2023-10-22,3.5,4.1,2.1,3.2,3.2,5
ENG2023-00202,EMP00298,2023,2023-10-21,3.4,3.4,2.8,3.8,3.0,8
ENG2023-00203,EMP00300,2023,2023-10-16,4.4,5.0,3.7,4.0,4.8,10
ENG2023-00204,EMP00302,2023,2023-10-15,3.9,3.4,3.2,3.6,3.8,8
ENG2023-00205,EMP00303,2023,2023-10-27,4.4,4.6,4.7,5.0,4.0,10
ENG2023-00206,EMP00305,2023,2023-10-23,3.4,3.4,2.4,4.2,3.0,8
ENG2023-00207,EMP00306,2023,2023-10-25,3.7,4.1,3.2,3.6,3.3,7
ENG2023-00208,EMP00307,2023,2023-10-26,5.0,4.0,3.7,4.6,3.7,10
ENG2023-00209,EMP00308,2023,2023-10-25,4.8,4.0,3.6,4.5,4.5,10
ENG2023-00210,EMP00309,2023,2023-10-17,3.0,4.2,3.0,3.7,2.8,8
ENG2023-00211,EMP00313,2023,2023-10-28,3.4,2.6,3.4,3.8,2.3,6
ENG2023-00212,EMP00314,2023,2023-10-18,3.8,4.3,3.8,3.2,3.6,10
ENG2023-00213,EMP00316,2023,2023-10-24,3.3,3.5,3.3,4.1,3.0,9
ENG2023-00214,EMP00317,2023,2023-10-19,3.2,3.2,3.5,2.5,2.9,7
ENG2023-00215,EMP00318,2023,2023-10-19,4.0,3.9,2.7,3.4,3.6,9
ENG2023-00216,EMP00319,2023,2023-10-16,3.5,3.0,3.2,4.2,3.2,7
ENG2023-00217,EMP00320,2023,2023-10-24,3.2,3.2,2.4,3.6,2.0,7
ENG2023-00218,EMP00321,2023,2023-10-23,5.0,5.0,5.0,5.0,4.2,10
ENG2023-00219,EMP00322,2023,2023-10-26,2.6,2.1,3.5,2.9,2.7,6
ENG2023-00220,EMP00323,2023,2023-10-20,3.6,3.9,3.4,4.2,2.8,7
ENG2023-00221,EMP00324,2023,2023-10-25,3.8,4.3,4.1,4.2,4.0,10
ENG2023-00222,EMP00325,2023,2023-10-15,4.5,4.1,3.8,4.3,4.5,10
ENG2023-00223,EMP00327,2023,2023-10-16,2.7,3.1,3.2,3.6,3.1,7
ENG2023-00224,EMP00329,2023,2023-10-21,3.4,3.1,3.7,4.4,3.6,10
ENG2023-00225,EMP00330,2023,2023-10-25,3.8,4.2,3.2,4.2,2.8,10
ENG2023-00226,EMP00331,2023,2023-10-17,3.0,2.6,3.4,2.9,2.4,7
ENG2023-00227,EMP00333,2023,2023-10-24,3.8,3.9,3.4,4.5,4.0,10
ENG2023-00228,EMP00334,2023,2023-10-15,3.9,3.6,4.6,4.4,3.8,10
ENG2023-00229,EMP00335,2023,2023-10-26,3.0,3.5,3.6,3.4,3.7,7
ENG2023-00230,EMP00336,2023,2023-10-26,2.4,2.7,2.3,2.6,2.5,4
ENG2023-00231,EMP00337,2023,2023-10-24,3.5,3.7,3.3,4.2,3.1,6
ENG2023-00232,EMP00338,2023,2023-10-27,4.3,4.1,4.3,4.3,3.3,10
ENG2023-00233,EMP00339,2023,2023-10-15,4.3,3.9,3.4,4.1,3.3,9
ENG2023-00234,EMP00341,2023,2023-10-26,3.2,4.3,3.2,4.1,3.2,9
ENG2023-00235,EMP00345,2023,2023-10-28,3.1,2.9,2.8,3.6,3.1,9
ENG2023-00236,EMP00346,2023,2023-10-28,2.2,3.1,1.8,2.1,2.2,5
ENG2023-00237,EMP00347,2023,2023-10-15,3.3,3.8,3.1,4.0,3.8,9
ENG2023-00238,EMP00349,2023,2023-10-26,3.6,3.3,2.1,4.0,3.5,7
ENG2023-00239,EMP00350,2023,2023-10-21,4.3,4.7,5.0,4.7,2.9,10
ENG2023-00240,EMP00351,2023,2023-10-17,2.2,3.2,3.1,3.1,3.9,7
ENG2023-00241,EMP00352,2023,2023-10-22,3.2,3.5,3.4,3.8,3.4,7
ENG2023-00242,EMP00353,2023,2023-10-25,3.0,2.7,1.7,3.4,2.1,3
ENG2023-00243,EMP00354,2023,2023-10-20,4.0,3.5,3.0,3.2,2.7,7
ENG2023-00244,EMP00356,2023,2023-10-19,2.5,1.5,1.0,2.0,2.3,1
ENG2023-00245,EMP00357,2023,2023-10-21,4.1,3.6,3.0,2.8,2.6,7
ENG2023-00246,EMP00358,2023,2023-10-18,2.8,2.3,2.5,3.9,3.3,8
ENG2023-00247,EMP00359,2023,2023-10-15,3.7,4.2,4.0,4.3,4.2,9
ENG2023-00248,EMP00360,2023,2023-10-19,3.9,4.5,3.4,4.5,3.9,8
ENG2023-00249,EMP00361,2023,2023-10-23,3.9,4.1,3.8,4.1,3.9,8
ENG2023-00250,EMP00362,2023,2023-10-21,3.6,3.9,3.0,3.5,3.4,7
ENG2023-00251,EMP00363,2023,2023-10-25,4.2,3.8,2.9,3.4,3.8,10
ENG2023-00252,EMP00364,2023,2023-10-27,3.7,2.2,2.7,3.8,3.2,9
ENG2023-00253,EMP00365,2023,2023-10-21,4.3,3.6,3.4,4.0,3.5,8
ENG2023-00254,EMP00368,2023,2023-10-18,3.4,3.4,3.1,3.4,2.9,8
ENG2023-00255,EMP00369,2023,2023-10-22,2.5,2.9,2.3,2.6,3.0,4
ENG2023-00256,EMP00370,2023,2023-10-20,3.4,2.5,2.5,2.2,2.4,6
ENG2023-00257,EMP00372,2023,2023-10-17,4.0,4.7,3.6,4.3,3.7,9
ENG2023-00258,EMP00373,2023,2023-10-18,3.7,4.0,3.9,5.0,3.3,10
ENG2023-00259,EMP00374,2023,2023-10-20,2.6,2.4,2.6,2.9,2.1,6
ENG2023-00260,EMP00376,2023,2023-10-25,3.3,3.8,2.8,3.6,3.4,8
ENG2023-00261,EMP00377,2023,2023-10-16,3.5,3.4,2.0,3.4,2.8,7
ENG2023-00262,EMP00378,2023,2023-10-17,4.4,4.2,4.3,4.5,3.6,8
ENG2023-00263,EMP00379,2023,2023-10-21,3.7,3.7,3.6,3.7,3.2,9
ENG2023-00264,EMP00380,2023,2023-10-18,3.3,3.2,2.5,4.5,3.4,8
ENG2023-00265,EMP00381,2023,2023-10-18,4.4,4.7,3.9,4.8,4.0,10
ENG2023-00266,EMP00384,2023,2023-10-18,4.0,3.8,2.8,3.5,3.2,7
ENG2023-00267,EMP00385,2023,2023-10-27,3.6,3.0,2.4,3.2,3.2,5
ENG2023-00268,EMP00386,2023,2023-10-24,3.0,2.2,2.6,3.0,2.4,7
ENG2023-00269,EMP00388,2023,2023-10-20,4.6,4.4,3.2,4.3,4.2,10
ENG2023-00270,EMP00389,2023,2023-10-25,3.0,4.1,2.3,3.4,3.7,7
ENG2023-00271,EMP00390,2023,2023-10-26,3.3,4.1,3.2,3.2,3.3,9
ENG2023-00272,EMP00391,2023,2023-10-27,4.4,4.6,4.4,4.5,4.1,10
ENG2023-00273,EMP00392,2023,2023-10-15,2.8,2.3,2.0,2.9,2.3,5
ENG2023-00274,EMP00393,2023,2023-10-24,4.1,2.9,2.7,3.4,3.2,9
ENG2023-00275,EMP00396,2023,2023-10-23,4.9,4.7,4.0,4.5,4.5,10
ENG2023-00276,EMP00397,2023,2023-10-18,4.0,3.7,2.9,3.2,3.2,7
ENG2023-00277,EMP00398,2023,2023-10-26,2.5,2.4,2.0,3.2,2.6,3
ENG2023-00278,EMP00399,2023,2023-10-19,4.3,4.4,4.2,4.0,4.4,10
ENG2023-00279,EMP00400,2023,2023-10-21,1.6,2.5,1.5,2.7,2.7,5
ENG2023-00280,EMP00401,2023,2023-10-27,4.6,3.5,3.9,3.8,3.3,9
ENG2023-00281,EMP00404,2023,2023-10-24,2.8,3.4,3.0,3.9,3.0,7
ENG2023-00282,EMP00405,2023,2023-10-17,4.0,4.9,3.9,4.5,3.7,10
ENG2023-00283,EMP00406,2023,2023-10-27,3.3,3.6,3.4,3.3,3.7,10
ENG2023-00284,EMP00407,2023,2023-10-20,3.1,3.7,3.9,4.0,3.3,9
ENG2023-00285,EMP00408,2023,2023-10-20,2.9,2.4,2.0,3.6,1.7,4
ENG2023-00286,EMP00410,2023,2023-10-16,3.6,3.1,3.2,3.0,2.6,8
ENG2023-00287,EMP00413,2023,2023-10-28,3.9,4.5,3.1,3.9,3.8,9
ENG2023-00288,EMP00414,2023,2023-10-16,3.4,3.0,2.9,2.8,3.7,8
ENG2023-00289,EMP00415,2023,2023-10-27,3.5,3.0,2.4,3.1,3.6,6
ENG2023-00290,EMP00416,2023,2023-10-25,3.9,4.4,3.7,4.4,3.4,9
ENG2023-00291,EMP00417,2023,2023-10-23,3.1,3.7,2.9,3.2,2.7,8
ENG2023-00292,EMP00418,2023,2023-10-20,3.2,3.0,2.7,3.7,3.2,9
ENG2023-00293,EMP00420,2023,2023-10-20,3.2,3.1,3.3,3.1,3.1,8
ENG2023-00294,EMP00421,2023,2023-10-22,3.0,3.8,2.9,3.5,2.8,8
ENG2023-00295,EMP00423,2023,2023-10-17,3.3,2.8,2.3,2.6,2.4,6
ENG2023-00296,EMP00425,2023,2023-10-17,4.2,4.4,3.2,3.5,2.9,10
ENG2023-00297,EMP00426,2023,2023-10-28,3.6,3.8,3.6,3.8,3.8,7
ENG2023-00298,EMP00427,2023,2023-10-24,3.6,3.3,2.9,2.8,2.7,9
ENG2023-00299,EMP00428,2023,2023-10-22,2.6,2.5,1.7,3.4,2.1,5
ENG2023-00300,EMP00429,2023,2023-10-25,3.1,3.2,3.2,3.9,3.2,6
ENG2023-00301,EMP00430,2023,2023-10-21,2.1,2.7,2.3,2.2,1.9,3
ENG2023-00302,EMP00431,2023,2023-10-23,4.7,4.0,3.3,4.1,4.4,9
ENG2023-00303,EMP00433,2023,2023-10-16,3.6,3.8,3.4,3.0,3.0,6
ENG2023-00304,EMP00436,2023,2023-10-18,3.2,3.7,3.7,3.6,4.2,8
ENG2023-00305,EMP00438,2023,2023-10-15,3.6,4.3,4.1,4.7,3.6,9
ENG2023-00306,EMP00439,2023,2023-10-25,3.4,3.9,3.3,3.9,3.3,9
ENG2023-00307,EMP00442,2023,2023-10-16,3.1,3.7,3.1,4.3,4.2,7
ENG2023-00308,EMP00443,2023,2023-10-22,3.4,2.6,2.6,3.5,2.9,9
ENG2023-00309,EMP00444,2023,2023-10-20,3.7,4.1,3.0,4.3,3.2,9
ENG2023-00310,EMP00445,2023,2023-10-17,4.3,3.7,3.4,4.6,4.2,9
ENG2023-00311,EMP00446,2023,2023-10-28,3.1,2.9,2.4,2.4,2.8,6
ENG2023-00312,EMP00447,2023,2023-10-18,3.9,4.3,3.7,4.5,3.2,10
ENG2023-00313,EMP00449,2023,2023-10-20,4.4,3.7,3.2,3.3,2.8,8
ENG2023-00314,EMP00452,2023,2023-10-15,3.7,3.8,3.6,3.8,3.1,8
ENG2023-00315,EMP00453,2023,2023-10-20,4.2,3.3,4.5,4.1,4.2,10
ENG2023-00316,EMP00454,2023,2023-10-17,4.0,3.7,3.3,3.9,3.8,10
ENG2023-00317,EMP00455,2023,2023-10-22,3.2,3.5,2.7,3.0,2.6,5
ENG2023-00318,EMP00456,2023,2023-10-15,3.2,3.5,4.1,3.2,4.3,11
ENG2023-00319,EMP00457,2023,2023-10-28,3.3,2.9,2.5,2.0,2.5,5
ENG2023-00320,EMP00458,2023,2023-10-21,3.9,4.0,3.9,4.0,4.0,8
ENG2023-00321,EMP00459,2023,2023-10-22,2.6,2.2,1.8,2.2,1.9,5
ENG2023-00322,EMP00460,2023,2023-10-20,4.0,3.7,2.9,3.3,3.4,8
ENG2023-00323,EMP00461,2023,2023-10-21,3.9,4.2,3.2,4.0,3.5,8
ENG2023-00324,EMP00462,2023,2023-10-28,2.9,4.2,2.9,3.9,3.5,6
ENG2023-00325,EMP00463,2023,2023-10-22,3.0,3.3,2.6,3.6,3.2,5
ENG2023-00326,EMP00464,2023,2023-10-26,3.1,2.8,3.4,2.9,2.8,7
ENG2023-00327,EMP00465,2023,2023-10-21,4.7,4.4,3.9,5.0,4.0,10
ENG2023-00328,EMP00466,2023,2023-10-15,3.6,4.0,3.4,5.0,3.7,7
ENG2023-00329,EMP00467,2023,2023-10-26,3.9,3.3,3.1,3.7,2.8,9
ENG2023-00330,EMP00469,2023,2023-10-23,2.5,2.8,2.6,4.0,2.0,7
ENG2023-00331,EMP00470,2023,2023-10-18,4.0,3.4,2.9,3.9,2.9,8
ENG2023-00332,EMP00471,2023,2023-10-24,3.6,2.2,3.0,2.4,2.7,5
ENG2023-00333,EMP00472,2023,2023-10-20,2.4,3.0,1.8,2.3,1.9,6
ENG2023-00334,EMP00473,2023,2023-10-16,3.3,3.6,3.4,4.3,3.8,10
ENG2023-00335,EMP00474,2023,2023-10-19,3.3,3.6,3.6,4.3,3.7,10
ENG2023-00336,EMP00477,2023,2023-10-24,2.5,2.5,1.7,2.4,1.8,4
ENG2023-00337,EMP00478,2023,2023-10-20,2.7,3.3,2.1,2.8,2.8,5
ENG2023-00338,EMP00479,2023,2023-10-22,3.7,3.8,3.2,3.6,4.4,9
ENG2023-00339,EMP00480,2023,2023-10-17,3.2,2.9,2.6,3.4,3.3,5
ENG2023-00340,EMP00481,2023,2023-10-15,3.2,3.0,2.8,2.9,3.4,11
ENG2023-00341,EMP00482,2023,2023-10-19,4.6,4.9,4.7,4.2,4.4,10
ENG2023-00342,EMP00483,2023,2023-10-23,3.5,3.7,2.7,3.1,3.0,8
ENG2023-00343,EMP00484,2023,2023-10-19,3.9,3.2,3.0,4.0,3.9,10
ENG2023-00344,EMP00485,2023,2023-10-20,3.5,4.1,3.9,3.7,3.4,9
ENG2023-00345,EMP00486,2023,2023-10-28,2.6,4.1,2.4,3.1,3.4,5
ENG2023-00346,EMP00487,2023,2023-10-26,3.7,4.0,3.6,4.0,3.7,10
ENG2023-00347,EMP00488,2023,2023-10-21,3.9,4.1,3.5,3.6,3.3,10
ENG2023-00348,EMP00489,2023,2023-10-22,3.2,3.5,2.3,2.1,2.6,5
ENG2023-00349,EMP00490,2023,2023-10-27,3.4,2.6,2.5,2.5,1.9,5
ENG2023-00350,EMP00491,2023,2023-10-28,4.0,3.4,3.7,3.4,4.0,10
ENG2023-00351,EMP00492,2023,2023-10-21,2.7,3.6,3.8,4.1,2.9,8
ENG2023-00352,EMP00493,2023,2023-10-18,4.1,3.8,2.8,4.3,4.4,9
ENG2023-00353,EMP00494,2023,2023-10-21,2.8,3.1,2.2,2.9,2.5,4
ENG2023-00354,EMP00495,2023,2023-10-26,3.6,2.9,3.0,3.4,2.7,9
ENG2023-00355,EMP00496,2023,2023-10-28,3.9,3.6,3.5,4.2,3.3,10
ENG2023-00356,EMP00498,2023,2023-10-23,3.6,3.4,3.1,3.8,3.5,10
ENG2023-00357,EMP00499,2023,2023-10-26,4.4,3.3,3.1,4.3,2.8,10
ENG2023-00358,EMP00500,2023,2023-10-19,3.3,4.5,3.1,3.8,4.7,8
ENG2023-00359,EMP00502,2023,2023-10-15,3.1,3.0,2.9,3.1,3.3,7
ENG2023-00360,EMP00503,2023,2023-10-24,4.4,3.9,3.4,4.7,3.4,9
ENG2023-00361,EMP00504,2023,2023-10-26,3.0,3.1,3.7,3.6,2.9,7
ENG2023-00362,EMP00506,2023,2023-10-24,4.5,4.0,3.9,4.1,4.4,10
ENG2023-00363,EMP00508,2023,2023-10-28,2.1,1.8,2.2,1.7,1.6,3
ENG2023-00364,EMP00510,2023,2023-10-17,2.9,2.8,2.3,4.4,2.6,9
ENG2023-00365,EMP00511,2023,2023-10-28,3.1,3.6,2.9,3.4,2.8,5
ENG2023-00366,EMP00512,2023,2023-10-27,3.4,3.4,3.3,3.3,2.7,7
ENG2023-00367,EMP00513,2023,2023-10-19,3.3,3.5,2.3,3.0,2.8,5
ENG2023-00368,EMP00514,2023,2023-10-17,3.5,3.9,3.1,3.3,3.0,6
ENG2023-00369,EMP00515,2023,2023-10-20,2.9,2.7,3.0,3.1,3.0,6
ENG2023-00370,EMP00516,2023,2023-10-28,4.3,4.5,4.0,5.0,4.4,9
ENG2023-00371,EMP00519,2023,2023-10-21,3.3,3.8,2.8,3.9,3.9,8
ENG2023-00372,EMP00520,2023,2023-10-28,2.8,3.5,2.5,3.6,2.2,8
ENG2023-00373,EMP00521,2023,2023-10-24,3.0,3.2,3.6,3.8,3.8,10
ENG2023-00374,EMP00522,2023,2023-10-16,2.5,1.7,2.8,2.8,2.5,5
ENG2023-00375,EMP00523,2023,2023-10-23,3.7,4.5,3.8,3.8,3.7,10
ENG2023-00376,EMP00524,2023,2023-10-20,2.4,2.2,2.7,2.8,3.2,4
ENG2023-00377,EMP00526,2023,2023-10-15,3.3,2.2,2.7,3.3,2.9,7
ENG2023-00378,EMP00527,2023,2023-10-26,3.3,3.7,4.0,3.4,2.8,7
ENG2023-00379,EMP00528,2023,2023-10-25,2.7,2.4,2.9,3.4,2.9,3
ENG2023-00380,EMP00529,2023,2023-10-16,3.9,3.1,3.8,4.2,3.4,6
ENG2023-00381,EMP00530,2023,2023-10-15,3.4,4.1,3.1,2.9,2.2,7
ENG2023-00382,EMP00531,2023,2023-10-27,3.2,3.4,2.7,3.6,4.0,9
ENG2023-00383,EMP00532,2023,2023-10-19,4.4,4.6,3.8,3.9,4.0,10
ENG2023-00384,EMP00533,2023,2023-10-27,3.4,3.3,3.1,4.0,3.6,7
ENG2023-00385,EMP00534,2023,2023-10-22,3.3,3.5,3.2,4.5,3.3,10
ENG2023-00386,EMP00535,2023,2023-10-18,3.9,3.4,3.1,3.4,2.9,9
ENG2023-00387,EMP00536,2023,2023-10-16,2.6,3.5,2.9,3.5,2.8,7
ENG2023-00388,EMP00537,2023,2023-10-19,4.4,4.2,3.8,4.0,3.8,10
ENG2023-00389,EMP00539,2023,2023-10-28,2.8,4.1,2.9,4.6,3.9,10
ENG2023-00390,EMP00540,2023,2023-10-28,2.4,3.6,3.1,3.1,3.4,7
ENG2023-00391,EMP00541,2023,2023-10-25,3.8,3.9,3.7,3.9,3.1,9
ENG2023-00392,EMP00542,2023,2023-10-28,3.3,3.4,3.5,3.4,3.2,8
ENG2023-00393,EMP00543,2023,2023-10-19,3.9,4.0,1.9,3.3,3.8,10
ENG2023-00394,EMP00544,2023,2023-10-17,4.3,4.7,3.9,4.2,3.4,9
ENG2023-00395,EMP00546,2023,2023-10-26,3.2,2.8,3.4,2.8,2.3,5
ENG2023-00396,EMP00547,2023,2023-10-19,2.9,3.0,2.8,3.0,2.5,4
ENG2023-00397,EMP00551,2023,2023-10-22,3.7,3.1,3.6,4.3,4.0,9
ENG2023-00398,EMP00552,2023,2023-10-19,3.8,3.9,3.6,4.2,3.9,8
ENG2024-00399,EMP00003,2024,2024-10-20,3.1,3.4,3.2,2.9,3.8,9
ENG2024-00400,EMP00005,2024,2024-10-23,3.9,3.7,2.8,3.4,2.7,7
ENG2024-00401,EMP00007,2024,2024-10-15,3.6,3.0,3.1,2.9,3.2,5
ENG2024-00402,EMP00009,2024,2024-10-15,2.9,3.4,3.0,3.2,4.0,7
ENG2024-00403,EMP00012,2024,2024-10-25,3.7,3.6,3.0,3.4,3.3,10
ENG2024-00404,EMP00015,2024,2024-10-18,2.7,3.1,2.6,2.8,1.9,7
ENG2024-00405,EMP00017,2024,2024-10-25,3.3,3.0,2.6,3.4,3.9,8
ENG2024-00406,EMP00019,2024,2024-10-15,3.1,3.3,2.9,3.2,2.8,5
ENG2024-00407,EMP00021,2024,2024-10-17,3.5,2.8,3.2,3.0,2.8,7
ENG2024-00408,EMP00024,2024,2024-10-28,3.7,3.5,3.5,4.1,3.8,9
ENG2024-00409,EMP00026,2024,2024-10-16,2.5,3.6,3.5,3.1,2.5,6
ENG2024-00410,EMP00027,2024,2024-10-18,3.7,3.3,2.5,4.2,3.7,8
ENG2024-00411,EMP00028,2024,2024-10-22,3.2,2.8,2.5,3.3,2.3,7
ENG2024-00412,EMP00029,2024,2024-10-28,3.6,3.8,3.4,4.2,3.5,9
ENG2024-00413,EMP00031,2024,2024-10-18,4.3,4.5,4.5,5.0,4.1,10
ENG2024-00414,EMP00033,2024,2024-10-28,2.4,3.4,2.4,2.3,2.6,4
ENG2024-00415,EMP00034,2024,2024-10-20,3.5,3.3,3.6,4.6,4.2,8
ENG2024-00416,EMP00037,2024,2024-10-24,3.9,5.0,4.6,5.0,4.3,10
ENG2024-00417,EMP00040,2024,2024-10-24,4.0,4.1,4.2,4.3,4.7,10
ENG2024-00418,EMP00043,2024,2024-10-22,3.1,4.4,2.9,3.7,2.7,8
ENG2024-00419,EMP00044,2024,2024-10-18,3.2,4.0,3.3,3.7,2.9,5
ENG2024-00420,EMP00045,2024,2024-10-25,3.1,2.2,1.9,3.5,2.3,5
ENG2024-00421,EMP00046,2024,2024-10-20,4.2,2.9,3.1,3.7,3.1,8
ENG2024-00422,EMP00047,2024,2024-10-22,4.2,3.5,3.7,4.1,4.0,8
ENG2024-00423,EMP00048,2024,2024-10-18,3.2,2.2,2.7,3.2,3.1,7
ENG2024-00424,EMP00049,2024,2024-10-23,3.2,2.8,3.3,4.1,3.8,3
ENG2024-00425,EMP00050,2024,2024-10-26,4.4,3.6,2.9,4.1,3.6,10
ENG2024-00426,EMP00051,2024,2024-10-21,3.9,3.2,3.3,3.9,3.6,7
ENG2024-00427,EMP00053,2024,2024-10-17,3.2,2.7,2.9,3.6,1.9,6
ENG2024-00428,EMP00054,2024,2024-10-27,3.3,2.2,2.6,3.5,2.9,3
ENG2024-00429,EMP00055,2024,2024-10-19,3.3,3.6,3.3,4.1,2.7,9
ENG2024-00430,EMP00056,2024,2024-10-22,4.1,4.8,4.0,4.0,3.5,7
ENG2024-00431,EMP00058,2024,2024-10-21,4.4,4.9,3.9,4.8,3.8,10
ENG2024-00432,EMP00061,2024,2024-10-21,4.1,4.7,3.4,2.9,3.7,9
ENG2024-00433,EMP00062,2024,2024-10-19,3.7,3.5,3.3,4.0,2.4,4
ENG2024-00434,EMP00063,2024,2024-10-18,2.9,3.9,3.7,4.1,3.1,9
ENG2024-00435,EMP00064,2024,2024-10-15,3.8,3.3,2.7,4.0,4.1,9
ENG2024-00436,EMP00065,2024,2024-10-18,2.8,4.1,2.5,3.1,2.6,7
ENG2024-00437,EMP00066,2024,2024-10-23,3.8,3.6,3.5,3.2,3.5,9
ENG2024-00438,EMP00069,2024,2024-10-19,3.0,3.2,3.4,4.5,3.2,8
ENG2024-00439,EMP00071,2024,2024-10-24,3.8,3.6,1.9,2.5,3.4,5
ENG2024-00440,EMP00072,2024,2024-10-18,4.1,4.3,4.0,4.1,4.0,10
ENG2024-00441,EMP00073,2024,2024-10-21,3.9,4.7,4.2,4.5,4.4,10
ENG2024-00442,EMP00074,2024,2024-10-25,3.7,2.9,2.9,4.0,2.2,7
ENG2024-00443,EMP00075,2024,2024-10-17,2.0,3.4,1.9,2.2,2.0,6
ENG2024-00444,EMP00077,2024,2024-10-24,3.1,3.0,2.1,2.3,2.1,4
ENG2024-00445,EMP00079,2024,2024-10-28,3.9,2.9,2.9,4.0,3.9,9
ENG2024-00446,EMP00080,2024,2024-10-20,2.8,2.8,3.5,3.0,3.6,8
ENG2024-00447,EMP00081,2024,2024-10-19,4.5,4.3,3.5,4.4,3.2,10
ENG2024-00448,EMP00082,2024,2024-10-19,3.7,4.3,3.5,3.8,2.6,8
ENG2024-00449,EMP00083,2024,2024-10-16,3.0,3.4,2.5,2.7,2.1,5
ENG2024-00450,EMP00084,2024,2024-10-28,3.4,3.0,2.3,3.1,2.8,8
ENG2024-00451,EMP00087,2024,2024-10-16,4.0,3.9,3.1,4.4,4.0,8
ENG2024-00452,EMP00088,2024,2024-10-26,2.4,3.9,2.2,2.6,1.6,2
ENG2024-00453,EMP00089,2024,2024-10-24,3.0,3.2,2.7,2.6,3.1,5
ENG2024-00454,EMP00091,2024,2024-10-21,3.8,3.3,3.4,3.5,3.4,10
ENG2024-00455,EMP00092,2024,2024-10-25,2.1,1.9,2.3,2.8,1.8,4
ENG2024-00456,EMP00094,2024,2024-10-27,4.1,4.8,3.9,4.2,3.0,10
ENG2024-00457,EMP00095,2024,2024-10-20,3.6,3.1,3.1,2.9,3.1,7
ENG2024-00458,EMP00096,2024,2024-10-27,4.9,4.7,3.6,4.6,3.8,10
ENG2024-00459,EMP00098,2024,2024-10-23,2.6,2.5,1.6,3.4,2.7,5
ENG2024-00460,EMP00100,2024,2024-10-19,3.1,3.3,3.1,2.8,2.8,6
ENG2024-00461,EMP00101,2024,2024-10-22,3.6,3.3,2.7,2.9,2.7,7
ENG2024-00462,EMP00104,2024,2024-10-28,3.2,3.4,2.9,3.2,3.0,8
ENG2024-00463,EMP00105,2024,2024-10-28,3.3,3.2,2.6,3.5,3.9,7
ENG2024-00464,EMP00106,2024,2024-10-23,3.2,2.7,3.3,3.5,4.0,6
ENG2024-00465,EMP00108,2024,2024-10-24,3.1,3.3,2.8,3.9,3.4,9
ENG2024-00466,EMP00109,2024,2024-10-28,3.8,3.9,3.7,3.8,3.9,7
ENG2024-00467,EMP00112,2024,2024-10-26,2.8,2.6,3.1,2.7,2.8,7
ENG2024-00468,EMP00114,2024,2024-10-15,3.0,2.8,2.7,3.8,3.0,8
ENG2024-00469,EMP00116,2024,2024-10-23,4.2,4.4,3.4,3.8,3.6,9
ENG2024-00470,EMP00120,2024,2024-10-17,2.8,4.2,3.4,4.3,4.0,9
ENG2024-00471,EMP00122,2024,2024-10-18,3.7,3.8,3.4,4.0,3.3,10
ENG2024-00472,EMP00123,2024,2024-10-20,2.9,3.2,3.3,3.2,3.3,10
ENG2024-00473,EMP00125,2024,2024-10-23,4.8,5.0,4.5,5.0,5.0,10
ENG2024-00474,EMP00127,2024,2024-10-28,2.5,3.2,2.6,3.4,2.7,8
ENG2024-00475,EMP00129,2024,2024-10-23,3.2,3.7,2.6,3.5,2.9,7
ENG2024-00476,EMP00131,2024,2024-10-22,3.5,4.2,3.4,4.5,3.0,9
ENG2024-00477,EMP00133,2024,2024-10-23,4.1,4.2,3.8,3.9,3.9,10
ENG2024-00478,EMP00135,2024,2024-10-19,2.8,3.2,2.3,2.9,3.1,6
ENG2024-00479,EMP00137,2024,2024-10-24,3.7,3.5,2.8,3.4,2.6,7
ENG2024-00480,EMP00138,2024,2024-10-15,2.4,2.8,2.0,2.3,2.5,5
ENG2024-00481,EMP00139,2024,2024-10-23,4.2,4.5,3.7,4.7,4.1,8
ENG2024-00482,EMP00141,2024,2024-10-21,3.9,3.8,4.1,3.3,3.5,8
ENG2024-00483,EMP00146,2024,2024-10-20,3.8,3.8,2.7,3.1,2.6,10
ENG2024-00484,EMP00148,2024,2024-10-19,5.0,4.5,4.7,5.0,4.3,10
ENG2024-00485,EMP00149,2024,2024-10-26,3.7,3.7,2.9,3.5,3.7,9
ENG2024-00486,EMP00150,2024,2024-10-26,2.6,2.2,2.4,3.0,2.5,4
ENG2024-00487,EMP00151,2024,2024-10-18,3.3,3.0,3.7,4.2,2.9,8
ENG2024-00488,EMP00152,2024,2024-10-25,4.3,3.2,3.5,3.6,2.6,6
ENG2024-00489,EMP00153,2024,2024-10-15,4.5,4.3,4.0,5.0,4.0,10
ENG2024-00490,EMP00154,2024,2024-10-22,3.4,3.1,2.8,3.1,3.5,10
ENG2024-00491,EMP00155,2024,2024-10-27,3.5,3.9,1.6,3.9,2.4,8
ENG2024-00492,EMP00156,2024,2024-10-24,4.0,3.8,2.9,3.4,3.8,10
ENG2024-00493,EMP00159,2024,2024-10-26,4.3,3.9,3.6,4.0,2.9,10
ENG2024-00494,EMP00162,2024,2024-10-15,3.2,3.6,3.1,3.2,3.8,8
ENG2024-00495,EMP00165,2024,2024-10-22,3.2,3.0,2.7,3.6,2.7,5
ENG2024-00496,EMP00168,2024,2024-10-23,4.5,4.8,4.2,4.5,3.9,10
ENG2024-00497,EMP00169,2024,2024-10-24,3.3,3.6,2.9,3.2,2.0,7
ENG2024-00498,EMP00171,2024,2024-10-23,3.3,3.1,2.0,3.3,2.8,8
ENG2024-00499,EMP00172,2024,2024-10-23,3.4,3.1,2.9,2.4,2.4,7
ENG2024-00500,EMP00174,2024,2024-10-15,3.1,2.7,2.6,3.5,3.0,6
ENG2024-00501,EMP00175,2024,2024-10-24,2.6,2.8,2.7,2.5,2.4,4
ENG2024-00502,EMP00176,2024,2024-10-20,2.6,4.0,3.7,3.2,3.6,9
ENG2024-00503,EMP00178,2024,2024-10-20,3.1,3.3,3.0,3.9,3.3,8
ENG2024-00504,EMP00179,2024,2024-10-25,4.5,4.5,4.6,4.1,3.9,10
ENG2024-00505,EMP00181,2024,2024-10-15,3.0,2.9,3.1,2.9,2.2,6
ENG2024-00506,EMP00182,2024,2024-10-28,3.8,3.1,3.4,3.9,3.2,9
ENG2024-00507,EMP00183,2024,2024-10-25,2.7,3.0,2.9,4.2,2.9,7
ENG2024-00508,EMP00184,2024,2024-10-23,3.5,3.7,3.3,3.0,3.8,8
ENG2024-00509,EMP00188,2024,2024-10-20,4.1,3.5,3.0,4.7,3.8,9
ENG2024-00510,EMP00191,2024,2024-10-27,3.1,3.1,2.5,3.6,3.4,6
ENG2024-00511,EMP00193,2024,2024-10-20,2.2,2.9,2.4,3.1,2.1,5
ENG2024-00512,EMP00194,2024,2024-10-23,2.4,2.5,1.0,2.0,1.5,5
ENG2024-00513,EMP00196,2024,2024-10-17,3.4,3.4,2.8,3.1,2.9,5
ENG2024-00514,EMP00197,2024,2024-10-23,2.6,2.3,2.3,3.1,1.7,2
ENG2024-00515,EMP00199,2024,2024-10-15,3.3,3.9,2.6,3.3,3.3,7
ENG2024-00516,EMP00201,2024,2024-10-18,3.8,3.7,3.5,3.4,4.0,9
ENG2024-00517,EMP00203,2024,2024-10-16,3.1,2.8,2.7,2.9,2.9,7
ENG2024-00518,EMP00204,2024,2024-10-25,3.9,3.9,4.0,3.8,3.6,10
ENG2024-00519,EMP00205,2024,2024-10-19,4.0,3.2,3.4,3.6,3.6,8
ENG2024-00520,EMP00211,2024,2024-10-22,3.6,3.8,3.1,4.6,4.0,9
ENG2024-00521,EMP00212,2024,2024-10-19,2.6,2.0,2.3,2.5,2.7,8
ENG2024-00522,EMP00213,2024,2024-10-24,3.3,3.2,2.1,3.3,3.1,7
ENG2024-00523,EMP00214,2024,2024-10-23,2.9,2.3,2.3,3.1,2.8,10
ENG2024-00524,EMP00215,2024,2024-10-28,3.0,3.9,2.9,4.1,3.8,9
ENG2024-00525,EMP00216,2024,2024-10-28,3.5,4.3,3.4,3.0,3.8,7
ENG2024-00526,EMP00217,2024,2024-10-26,3.8,3.0,3.7,3.5,3.2,10
ENG2024-00527,EMP00218,2024,2024-10-26,3.7,4.0,3.7,3.8,4.2,10
ENG2024-00528,EMP00219,2024,2024-10-18,3.9,4.0,3.7,3.7,4.0,9
ENG2024-00529,EMP00220,2024,2024-10-16,3.2,2.2,3.0,3.5,2.4,6
ENG2024-00530,EMP00221,2024,2024-10-15,3.7,2.9,2.3,3.7,2.1,11
ENG2024-00531,EMP00222,2024,2024-10-19,2.8,2.8,2.3,3.4,2.9,6
ENG2024-00532,EMP00223,2024,2024-10-25,3.5,3.1,3.1,3.8,2.8,9
ENG2024-00533,EMP00224,2024,2024-10-17,3.4,2.7,2.7,2.8,2.6,4
ENG2024-00534,EMP00226,2024,2024-10-24,5.0,5.0,4.1,5.0,4.9,10
ENG2024-00535,EMP00227,2024,2024-10-18,2.7,2.9,1.7,3.2,2.4,6
ENG2024-00536,EMP00228,2024,2024-10-26,3.3,2.7,1.8,2.9,2.3,7
ENG2024-00537,EMP00230,2024,2024-10-23,2.1,1.9,2.3,2.7,2.6,5
ENG2024-00538,EMP00232,2024,2024-10-16,3.1,4.1,2.8,3.2,3.8,9
ENG2024-00539,EMP00233,2024,2024-10-23,4.1,4.4,2.9,4.7,4.2,10
ENG2024-00540,EMP00234,2024,2024-10-23,4.0,3.3,3.6,3.1,3.6,10
ENG2024-00541,EMP00237,2024,2024-10-15,3.0,2.7,1.4,2.5,1.2,4
ENG2024-00542,EMP00240,2024,2024-10-25,4.1,4.1,3.7,4.2,3.1,9
ENG2024-00543,EMP00241,2024,2024-10-16,4.1,3.9,3.4,3.9,3.2,7
ENG2024-00544,EMP00242,2024,2024-10-19,3.4,3.5,2.6,4.2,3.4,7
ENG2024-00545,EMP00243,2024,2024-10-18,3.7,3.9,3.5,4.1,4.1,10
ENG2024-00546,EMP00244,2024,2024-10-24,3.9,3.5,2.9,2.6,3.4,9
ENG2024-00547,EMP00245,2024,2024-10-18,4.0,2.4,2.9,3.3,4.1,9
ENG2024-00548,EMP00247,2024,2024-10-21,2.8,2.2,1.7,2.9,3.0,6
ENG2024-00549,EMP00250,2024,2024-10-25,3.7,3.9,3.6,4.3,3.7,9
ENG2024-00550,EMP00251,2024,2024-10-21,2.9,3.1,3.7,3.8,3.2,6
ENG2024-00551,EMP00252,2024,2024-10-27,4.6,3.3,3.6,4.0,3.6,6
ENG2024-00552,EMP00253,2024,2024-10-18,3.2,3.5,2.9,4.2,4.4,8
ENG2024-00553,EMP00254,2024,2024-10-17,3.5,3.9,3.3,3.2,2.7,6
ENG2024-00554,EMP00257,2024,2024-10-15,3.4,3.7,3.6,5.0,3.5,9
ENG2024-00555,EMP00260,2024,2024-10-23,4.4,4.3,3.8,4.5,3.6,9
ENG2024-00556,EMP00264,2024,2024-10-23,3.2,3.0,3.0,3.1,2.8,7
ENG2024-00557,EMP00265,2024,2024-10-21,3.1,3.9,2.6,3.5,2.8,8
ENG2024-00558,EMP00267,2024,2024-10-27,2.2,2.2,1.9,3.5,2.3,3
ENG2024-00559,EMP00268,2024,2024-10-27,3.8,3.2,3.3,3.2,3.5,8
ENG2024-00560,EMP00271,2024,2024-10-22,3.6,3.4,2.8,3.0,2.9,6
ENG2024-00561,EMP00272,2024,2024-10-26,3.7,4.1,3.1,4.0,3.6,10
ENG2024-00562,EMP00274,2024,2024-10-22,3.5,2.8,3.8,4.0,3.2,6
ENG2024-00563,EMP00276,2024,2024-10-26,3.0,3.6,3.2,3.4,3.3,8
ENG2024-00564,EMP00277,2024,2024-10-23,3.6,2.9,2.9,2.9,2.5,9
ENG2024-00565,EMP00282,2024,2024-10-16,3.5,3.7,2.7,4.8,4.1,9
ENG2024-00566,EMP00285,2024,2024-10-27,3.7,3.8,2.8,4.1,3.7,10
ENG2024-00567,EMP00286,2024,2024-10-21,3.7,4.9,3.2,4.0,3.1,9
ENG2024-00568,EMP00289,2024,2024-10-25,3.2,3.8,2.4,3.7,2.7,9
ENG2024-00569,EMP00291,2024,2024-10-24,3.4,3.0,2.7,2.5,2.5,6
ENG2024-00570,EMP00292,2024,2024-10-21,2.5,2.7,3.6,4.2,2.7,8
ENG2024-00571,EMP00293,2024,2024-10-23,3.4,3.9,2.5,3.1,2.8,7
ENG2024-00572,EMP00296,2024,2024-10-19,3.0,3.0,2.4,2.9,3.7,5
ENG2024-00573,EMP00300,2024,2024-10-17,4.3,3.9,3.3,4.3,4.4,10
ENG2024-00574,EMP00301,2024,2024-10-16,3.6,2.8,2.6,4.1,3.1,7
ENG2024-00575,EMP00302,2024,2024-10-16,3.6,3.3,2.5,3.2,2.9,9
ENG2024-00576,EMP00303,2024,2024-10-22,4.5,4.3,4.4,5.0,4.3,10
ENG2024-00577,EMP00304,2024,2024-10-18,2.9,2.8,2.1,3.4,2.6,7
ENG2024-00578,EMP00307,2024,2024-10-15,4.6,4.1,4.6,3.7,4.2,9
ENG2024-00579,EMP00308,2024,2024-10-23,4.3,4.3,4.2,4.4,3.4,10
ENG2024-00580,EMP00309,2024,2024-10-22,4.1,3.4,2.8,3.1,3.5,7
ENG2024-00581,EMP00310,2024,2024-10-28,4.8,4.7,4.3,3.5,4.2,9
ENG2024-00582,EMP00311,2024,2024-10-20,2.9,2.7,2.3,3.2,3.1,7
ENG2024-00583,EMP00313,2024,2024-10-19,3.2,2.2,3.2,3.4,2.9,6
ENG2024-00584,EMP00314,2024,2024-10-19,4.3,4.4,3.3,3.5,3.0,8
ENG2024-00585,EMP00316,2024,2024-10-24,4.2,3.7,4.1,4.0,3.5,10
ENG2024-00586,EMP00317,2024,2024-10-15,3.0,2.8,3.2,3.0,2.8,6
ENG2024-00587,EMP00320,2024,2024-10-15,2.7,3.4,2.9,2.1,2.8,7
ENG2024-00588,EMP00321,2024,2024-10-28,4.3,5.0,4.7,5.0,4.8,10
ENG2024-00589,EMP00322,2024,2024-10-22,3.5,3.7,2.4,3.2,2.6,5
ENG2024-00590,EMP00324,2024,2024-10-26,3.7,3.8,3.3,3.6,3.8,10
ENG2024-00591,EMP00327,2024,2024-10-20,3.0,3.7,2.7,2.7,2.9,6
ENG2024-00592,EMP00329,2024,2024-10-17,4.4,4.0,3.9,3.3,3.4,9
ENG2024-00593,EMP00330,2024,2024-10-17,3.4,3.5,3.5,4.2,3.9,7
ENG2024-00594,EMP00331,2024,2024-10-24,2.9,3.3,2.7,3.4,2.1,4
ENG2024-00595,EMP00333,2024,2024-10-18,3.7,3.4,3.6,3.9,3.6,9
ENG2024-00596,EMP00334,2024,2024-10-21,4.5,5.0,3.5,4.4,4.7,10
ENG2024-00597,EMP00336,2024,2024-10-27,1.6,2.6,1.8,2.6,2.5,3
ENG2024-00598,EMP00337,2024,2024-10-23,3.3,4.0,3.0,3.5,2.6,8
ENG2024-00599,EMP00338,2024,2024-10-17,3.4,3.9,2.7,4.1,4.1,9
ENG2024-00600,EMP00339,2024,2024-10-22,3.6,4.2,3.7,4.5,3.4,10
ENG2024-00601,EMP00340,2024,2024-10-21,4.9,4.8,4.2,5.0,4.5,10
ENG2024-00602,EMP00343,2024,2024-10-17,2.8,1.9,2.3,3.1,2.1,3
ENG2024-00603,EMP00345,2024,2024-10-20,3.2,3.0,2.2,2.4,1.9,5
ENG2024-00604,EMP00347,2024,2024-10-20,3.3,3.3,2.7,3.1,3.5,5
ENG2024-00605,EMP00349,2024,2024-10-16,3.5,3.2,3.1,3.7,3.8,7
ENG2024-00606,EMP00350,2024,2024-10-24,4.4,4.4,4.3,4.5,4.4,10
ENG2024-00607,EMP00353,2024,2024-10-25,2.4,2.3,1.9,2.2,1.9,5
ENG2024-00608,EMP00358,2024,2024-10-20,3.5,2.6,2.6,2.9,2.6,5
ENG2024-00609,EMP00359,2024,2024-10-27,3.2,3.3,3.1,4.3,3.9,9
ENG2024-00610,EMP00360,2024,2024-10-26,3.3,3.9,4.2,4.2,4.1,10
ENG2024-00611,EMP00361,2024,2024-10-22,4.4,4.0,3.1,3.1,3.8,10
ENG2024-00612,EMP00362,2024,2024-10-18,4.0,3.1,3.6,2.9,3.5,8
ENG2024-00613,EMP00364,2024,2024-10-27,2.9,2.3,2.7,3.4,3.0,3
ENG2024-00614,EMP00366,2024,2024-10-22,2.4,2.1,3.1,3.1,3.2,3
ENG2024-00615,EMP00369,2024,2024-10-15,2.3,3.0,2.9,2.9,2.4,8
ENG2024-00616,EMP00370,2024,2024-10-23,2.5,2.2,2.5,3.0,2.8,4
ENG2024-00617,EMP00372,2024,2024-10-19,4.0,3.9,3.3,4.0,3.8,10
ENG2024-00618,EMP00373,2024,2024-10-19,4.4,4.1,3.4,5.0,3.3,9
ENG2024-00619,EMP00375,2024,2024-10-28,2.3,2.5,3.0,2.3,2.6,6
ENG2024-00620,EMP00376,2024,2024-10-16,4.0,3.6,2.9,4.0,3.3,7
ENG2024-00621,EMP00377,2024,2024-10-22,3.0,3.2,2.7,2.7,2.4,5
ENG2024-00622,EMP00378,2024,2024-10-27,4.1,4.2,3.7,4.4,4.0,10
ENG2024-00623,EMP00380,2024,2024-10-17,3.6,3.5,2.7,3.5,3.2,7
ENG2024-00624,EMP00381,2024,2024-10-16,3.6,4.1,4.1,4.8,3.4,10
ENG2024-00625,EMP00383,2024,2024-10-18,3.2,4.1,2.7,4.2,3.0,9
ENG2024-00626,EMP00384,2024,2024-10-24,3.7,3.3,3.5,3.8,2.4,9
ENG2024-00627,EMP00385,2024,2024-10-21,3.0,3.8,3.6,2.7,3.3,4
ENG2024-00628,EMP00386,2024,2024-10-19,2.5,2.7,2.9,3.1,2.9,5
ENG2024-00629,EMP00387,2024,2024-10-20,4.0,3.8,4.2,4.4,4.3,9
ENG2024-00630,EMP00388,2024,2024-10-28,5.0,4.2,3.7,4.4,4.4,9
ENG2024-00631,EMP00392,2024,2024-10-16,2.3,2.1,2.5,2.9,1.7,5
ENG2024-00632,EMP00393,2024,2024-10-23,4.0,2.9,3.5,3.1,3.5,7
ENG2024-00633,EMP00397,2024,2024-10-16,4.6,3.5,3.3,3.6,2.9,7
ENG2024-00634,EMP00399,2024,2024-10-17,5.0,4.8,4.6,4.2,4.8,10
ENG2024-00635,EMP00400,2024,2024-10-20,2.8,2.3,1.7,2.9,2.2,11
ENG2024-00636,EMP00401,2024,2024-10-21,3.4,3.9,4.2,3.3,3.1,9
ENG2024-00637,EMP00404,2024,2024-10-20,3.2,3.7,3.2,3.1,3.7,5
ENG2024-00638,EMP00405,2024,2024-10-18,3.8,4.5,3.0,4.1,3.7,10
ENG2024-00639,EMP00406,2024,2024-10-26,4.8,4.3,3.9,4.3,3.3,10
ENG2024-00640,EMP00409,2024,2024-10-23,3.7,3.7,3.8,3.3,3.6,8
ENG2024-00641,EMP00412,2024,2024-10-22,2.8,2.9,2.2,3.4,2.2,8
ENG2024-00642,EMP00413,2024,2024-10-25,4.0,4.4,3.8,4.1,3.7,10
ENG2024-00643,EMP00414,2024,2024-10-23,2.3,3.4,3.2,2.9,2.6,8
ENG2024-00644,EMP00418,2024,2024-10-18,3.3,3.2,3.5,3.8,3.0,6
ENG2024-00645,EMP00419,2024,2024-10-22,3.2,3.3,3.0,3.8,3.0,8
ENG2024-00646,EMP00420,2024,2024-10-25,3.9,2.9,2.3,3.2,3.2,7
ENG2024-00647,EMP00423,2024,2024-10-27,2.9,3.1,2.7,3.2,2.8,6
ENG2024-00648,EMP00424,2024,2024-10-24,1.9,2.6,2.2,2.7,2.1,5
ENG2024-00649,EMP00425,2024,2024-10-26,4.5,4.7,4.1,4.0,3.4,7
ENG2024-00650,EMP00426,2024,2024-10-25,3.1,3.5,3.6,3.8,2.8,7
ENG2024-00651,EMP00427,2024,2024-10-26,3.9,3.4,2.9,3.6,3.4,9
ENG2024-00652,EMP00432,2024,2024-10-17,3.6,4.0,3.2,3.7,4.5,9
ENG2024-00653,EMP00433,2024,2024-10-17,3.4,3.6,3.1,3.5,3.9,9
ENG2024-00654,EMP00436,2024,2024-10-26,3.8,3.2,2.5,3.4,3.3,7
ENG2024-00655,EMP00438,2024,2024-10-27,3.7,4.5,3.3,4.5,3.8,10
ENG2024-00656,EMP00439,2024,2024-10-24,3.5,4.2,3.6,3.7,3.7,8
ENG2024-00657,EMP00440,2024,2024-10-20,3.9,3.1,2.9,3.4,3.8,7
ENG2024-00658,EMP00442,2024,2024-10-21,3.1,3.5,2.9,3.8,3.2,6
ENG2024-00659,EMP00444,2024,2024-10-16,3.7,3.7,2.9,4.0,2.3,10
ENG2024-00660,EMP00445,2024,2024-10-16,4.1,4.4,4.7,4.3,3.8,10
ENG2024-00661,EMP00446,2024,2024-10-27,2.9,2.3,2.3,2.9,3.2,5
ENG2024-00662,EMP00447,2024,2024-10-25,4.3,4.2,3.8,3.7,3.8,10
ENG2024-00663,EMP00449,2024,2024-10-24,2.6,3.2,2.7,3.5,3.1,5
ENG2024-00664,EMP00450,2024,2024-10-24,3.2,2.8,3.4,3.4,2.5,11
ENG2024-00665,EMP00452,2024,2024-10-27,4.4,4.1,2.6,4.1,2.6,10
ENG2024-00666,EMP00454,2024,2024-10-28,3.7,3.4,3.3,3.7,3.4,10
ENG2024-00667,EMP00455,2024,2024-10-27,2.7,3.0,2.9,2.6,2.0,4
ENG2024-00668,EMP00456,2024,2024-10-24,3.1,3.4,3.7,3.9,3.8,8
ENG2024-00669,EMP00457,2024,2024-10-24,2.6,2.8,2.6,2.9,2.1,6
ENG2024-00670,EMP00458,2024,2024-10-27,4.2,3.8,3.6,3.9,3.4,9
ENG2024-00671,EMP00460,2024,2024-10-17,2.9,4.0,2.6,4.1,2.9,8
ENG2024-00672,EMP00461,2024,2024-10-17,3.5,3.3,2.7,4.1,3.5,7
ENG2024-00673,EMP00462,2024,2024-10-19,4.0,3.9,2.9,3.4,4.1,8
ENG2024-00674,EMP00463,2024,2024-10-25,2.8,3.5,2.4,4.1,3.0,6
ENG2024-00675,EMP00465,2024,2024-10-21,4.7,3.8,4.1,4.8,4.2,10
ENG2024-00676,EMP00467,2024,2024-10-17,3.7,3.0,2.6,3.2,3.7,8
ENG2024-00677,EMP00469,2024,2024-10-21,3.0,2.3,2.2,3.8,3.2,8
ENG2024-00678,EMP00470,2024,2024-10-18,2.9,3.0,3.4,3.3,4.0,9
ENG2024-00679,EMP00471,2024,2024-10-17,2.6,2.8,1.6,2.8,2.6,4
ENG2024-00680,EMP00472,2024,2024-10-19,2.8,2.4,1.5,2.6,2.2,3
ENG2024-00681,EMP00474,2024,2024-10-15,3.1,3.2,3.4,4.1,3.5,9
ENG2024-00682,EMP00476,2024,2024-10-17,3.3,3.7,2.8,4.2,2.4,8
ENG2024-00683,EMP00478,2024,2024-10-15,2.5,2.5,2.0,3.0,2.3,7
ENG2024-00684,EMP00480,2024,2024-10-26,3.3,2.8,3.4,3.4,2.5,8
ENG2024-00685,EMP00481,2024,2024-10-15,2.8,2.1,3.6,3.6,2.4,10
ENG2024-00686,EMP00482,2024,2024-10-17,4.6,4.3,3.6,4.7,3.6,10
ENG2024-00687,EMP00483,2024,2024-10-18,3.0,3.3,2.5,3.8,3.6,8
ENG2024-00688,EMP00486,2024,2024-10-19,3.4,3.0,3.2,3.0,3.2,7
ENG2024-00689,EMP00487,2024,2024-10-26,4.4,4.6,3.2,4.1,3.2,10
ENG2024-00690,EMP00491,2024,2024-10-22,3.4,3.5,3.3,3.9,2.5,9
ENG2024-00691,EMP00492,2024,2024-10-19,3.6,3.2,2.7,3.6,4.0,10
ENG2024-00692,EMP00493,2024,2024-10-16,2.9,3.9,3.0,3.7,4.1,9
ENG2024-00693,EMP00494,2024,2024-10-15,2.8,3.8,3.2,3.0,3.3,6
ENG2024-00694,EMP00495,2024,2024-10-15,2.5,3.0,1.6,2.5,1.8,4
ENG2024-00695,EMP00496,2024,2024-10-26,3.9,4.0,3.1,4.6,4.1,8
ENG2024-00696,EMP00498,2024,2024-10-27,3.2,2.8,3.0,3.6,3.0,7
ENG2024-00697,EMP00499,2024,2024-10-24,4.1,4.6,3.6,4.0,3.9,9
ENG2024-00698,EMP00500,2024,2024-10-17,3.1,4.0,3.7,4.3,4.1,10
ENG2024-00699,EMP00502,2024,2024-10-21,3.0,3.0,2.1,3.3,2.6,10
ENG2024-00700,EMP00504,2024,2024-10-28,2.8,2.5,1.6,3.2,2.7,7
ENG2024-00701,EMP00506,2024,2024-10-18,4.1,4.7,3.5,3.9,2.9,9
ENG2024-00702,EMP00507,2024,2024-10-28,4.1,3.7,3.7,3.8,4.2,10
ENG2024-00703,EMP00508,2024,2024-10-22,2.4,1.3,1.5,2.6,2.8,5
ENG2024-00704,EMP00509,2024,2024-10-18,4.6,4.7,4.6,5.0,3.6,10
ENG2024-00705,EMP00510,2024,2024-10-26,3.6,3.4,2.7,3.0,2.8,4
ENG2024-00706,EMP00520,2024,2024-10-28,2.9,3.1,2.6,3.7,3.1,8
ENG2024-00707,EMP00521,2024,2024-10-28,3.5,3.4,3.3,4.2,3.8,8
ENG2024-00708,EMP00524,2024,2024-10-28,2.0,2.2,2.0,2.3,2.2,2
ENG2024-00709,EMP00527,2024,2024-10-26,2.6,4.5,3.0,3.4,3.3,8
ENG2024-00710,EMP00528,2024,2024-10-19,3.3,2.2,1.9,3.2,2.8,3
ENG2024-00711,EMP00530,2024,2024-10-23,2.6,2.2,2.3,3.8,2.5,1
ENG2024-00712,EMP00531,2024,2024-10-27,3.3,3.3,2.8,3.8,2.9,8
ENG2024-00713,EMP00532,2024,2024-10-16,4.1,4.2,3.1,4.2,3.6,10
ENG2024-00714,EMP00534,2024,2024-10-21,4.8,3.9,3.4,3.3,3.2,9
ENG2024-00715,EMP00535,2024,2024-10-18,3.2,3.3,3.0,3.1,3.2,8
ENG2024-00716,EMP00536,2024,2024-10-19,2.9,3.4,3.2,3.8,3.0,6
ENG2024-00717,EMP00537,2024,2024-10-24,3.8,4.5,3.9,4.7,4.3,10
ENG2024-00718,EMP00538,2024,2024-10-15,3.9,4.5,3.0,4.1,3.5,9
ENG2024-00719,EMP00540,2024,2024-10-21,3.1,3.4,2.3,3.5,3.0,7
ENG2024-00720,EMP00541,2024,2024-10-24,4.4,4.2,3.0,4.2,3.9,10
ENG2024-00721,EMP00542,2024,2024-10-22,3.9,3.4,3.6,3.6,2.8,7
ENG2024-00722,EMP00544,2024,2024-10-17,4.1,4.6,4.0,3.9,3.5,10
ENG2024-00723,EMP00545,2024,2024-10-19,3.6,2.7,2.3,2.6,3.0,7
ENG2024-00724,EMP00548,2024,2024-10-24,3.3,4.1,3.9,4.0,3.3,8
ENG2024-00725,EMP00551,2024,2024-10-20,3.1,3.2,2.6,3.2,3.5,8
ENG2024-00726,EMP00554,2024,2024-10-27,4.0,3.6,3.4,4.2,4.1,7
ENG2024-00727,EMP00556,2024,2024-10-16,3.6,3.5,3.0,3.2,3.3,9
ENG2024-00728,EMP00558,2024,2024-10-15,4.5,4.5,4.0,4.8,4.3,10
ENG2024-00729,EMP00559,2024,2024-10-18,4.6,4.6,4.6,4.6,4.2,10
ENG2024-00730,EMP00560,2024,2024-10-25,2.4,3.1,2.5,2.5,2.0,5
ENG2024-00731,EMP00561,2024,2024-10-17,3.1,4.1,2.9,3.1,3.0,9
ENG2024-00732,EMP00562,2024,2024-10-17,3.4,4.0,3.0,3.8,2.6,8
ENG2024-00733,EMP00566,2024,2024-10-26,4.0,4.0,3.6,4.6,4.2,10
ENG2024-00734,EMP00572,2024,2024-10-19,4.1,4.3,4.3,4.5,3.4,10
ENG2024-00735,EMP00574,2024,2024-10-21,4.4,4.0,3.3,4.5,4.3,10
ENG2024-00736,EMP00575,2024,2024-10-22,2.8,2.9,2.4,3.1,3.4,5
ENG2024-00737,EMP00576,2024,2024-10-15,4.2,3.6,3.4,3.8,2.9,9
ENG2024-00738,EMP00578,2024,2024-10-23,4.1,3.7,3.1,3.7,3.9,7
ENG2024-00739,EMP00580,2024,2024-10-20,4.5,4.4,3.8,3.7,4.2,10
ENG2024-00740,EMP00582,2024,2024-10-22,3.5,3.4,2.9,4.2,3.7,9
ENG2024-00741,EMP00583,2024,2024-10-27,3.7,2.8,2.6,2.6,3.2,5
ENG2024-00742,EMP00585,2024,2024-10-15,3.0,3.6,3.5,3.5,3.1,7
ENG2024-00743,EMP00587,2024,2024-10-18,3.3,3.2,3.4,3.5,2.7,6
ENG2024-00744,EMP00591,2024,2024-10-19,2.2,2.7,2.8,3.1,2.7,5
ENG2024-00745,EMP00592,2024,2024-10-21,4.4,3.3,2.7,3.4,2.8,8
ENG2024-00746,EMP00593,2024,2024-10-25,3.5,2.9,3.3,3.6,3.9,8
ENG2024-00747,EMP00595,2024,2024-10-17,3.5,3.1,2.9,3.2,3.3,6
ENG2024-00748,EMP00596,2024,2024-10-24,3.5,3.6,3.3,3.9,3.4,9
ENG2024-00749,EMP00597,2024,2024-10-18,4.2,3.7,4.0,4.4,4.4,10
ENG2024-00750,EMP00599,2024,2024-10-20,4.0,2.9,2.9,3.4,3.1,8
ENG2024-00751,EMP00600,2024,2024-10-17,3.6,2.5,2.2,3.7,3.6,9
ENG2024-00752,EMP00601,2024,2024-10-27,3.8,3.8,3.8,3.2,2.6,9
ENG2024-00753,EMP00604,2024,2024-10-17,2.8,3.1,3.1,2.8,2.4,8
ENG2024-00754,EMP00607,2024,2024-10-25,3.7,4.1,3.4,3.2,3.9,10
ENG2024-00755,EMP00609,2024,2024-10-21,4.1,3.7,4.4,3.7,3.2,10
ENG2024-00756,EMP00611,2024,2024-10-19,3.1,3.9,2.9,3.2,3.7,8
ENG2024-00757,EMP00612,2024,2024-10-21,4.0,5.0,4.7,4.7,4.4,10
ENG2024-00758,EMP00614,2024,2024-10-20,2.7,2.1,2.6,3.1,3.2,7
ENG2024-00759,EMP00615,2024,2024-10-24,2.3,2.7,2.5,2.4,1.7,8
ENG2024-00760,EMP00616,2024,2024-10-15,3.0,2.4,3.0,2.4,2.4,7
ENG2024-00761,EMP00620,2024,2024-10-23,3.3,3.2,3.0,3.0,2.6,8
ENG2024-00762,EMP00622,2024,2024-10-17,4.2,4.0,3.6,3.7,4.2,10
ENG2024-00763,EMP00623,2024,2024-10-22,4.7,4.4,3.0,3.4,4.2,10
ENG2024-00764,EMP00625,2024,2024-10-28,4.2,3.0,3.0,3.3,3.0,9
ENG2024-00765,EMP00626,2024,2024-10-17,3.3,4.0,3.8,3.2,3.6,6
ENG2024-00766,EMP00628,2024,2024-10-28,3.4,2.9,2.8,3.6,3.8,7
ENG2024-00767,EMP00630,2024,2024-10-18,3.9,4.1,4.1,3.2,3.4,9
ENG2024-00768,EMP00631,2024,2024-10-15,3.1,3.1,2.7,3.4,2.0,6
ENG2024-00769,EMP00632,2024,2024-10-26,4.8,4.7,4.1,4.0,4.0,10
ENG2024-00770,EMP00634,2024,2024-10-26,3.5,3.6,2.6,3.3,3.2,6
ENG2024-00771,EMP00635,2024,2024-10-20,2.2,2.7,1.0,2.1,1.5,6
ENG2024-00772,EMP00636,2024,2024-10-26,2.9,2.1,3.1,3.4,3.8,10
ENG2024-00773,EMP00640,2024,2024-10-28,2.4,2.9,2.1,3.6,3.3,6
ENG2024-00774,EMP00641,2024,2024-10-18,3.7,3.4,3.5,3.6,4.0,9
ENG2024-00775,EMP00642,2024,2024-10-15,3.7,3.5,2.6,3.2,2.6,6
ENG2024-00776,EMP00643,2024,2024-10-21,3.3,3.5,3.3,3.8,2.9,8
ENG2024-00777,EMP00644,2024,2024-10-21,3.8,3.4,3.8,3.9,3.6,8
ENG2024-00778,EMP00645,2024,2024-10-22,4.7,4.3,4.8,5.0,4.4,10
ENG2024-00779,EMP00646,2024,2024-10-17,3.5,3.5,2.8,4.1,3.3,8
ENG2024-00780,EMP00649,2024,2024-10-26,3.8,3.9,4.8,4.5,3.9,10
ENG2024-00781,EMP00650,2024,2024-10-24,3.6,3.3,2.3,4.1,3.0,10
ENG2024-00782,EMP00651,2024,2024-10-18,4.4,4.5,4.2,4.9,3.4,9
ENG2024-00783,EMP00652,2024,2024-10-22,4.1,4.3,4.6,4.4,3.6,10
ENG2024-00784,EMP00653,2024,2024-10-26,3.5,4.2,3.8,2.5,3.3,6
ENG2024-00785,EMP00654,2024,2024-10-15,3.5,3.2,3.0,3.4,2.5,4
ENG2024-00786,EMP00656,2024,2024-10-19,2.9,3.2,3.2,3.8,3.2,8
ENG2024-00787,EMP00657,2024,2024-10-21,4.3,3.5,3.5,4.3,4.6,10
ENG2024-00788,EMP00659,2024,2024-10-16,3.3,3.8,3.6,3.9,4.4,10
ENG2024-00789,EMP00660,2024,2024-10-23,5.0,5.0,4.2,5.0,5.0,10
ENG2024-00790,EMP00661,2024,2024-10-15,3.7,3.6,4.0,4.4,3.6,9
ENG2024-00791,EMP00662,2024,2024-10-28,4.3,4.3,3.2,3.9,3.8,10
ENG2024-00792,EMP00663,2024,2024-10-17,2.5,2.4,1.6,3.4,1.8,6
ENG2024-00793,EMP00664,2024,2024-10-25,4.4,4.4,3.8,5.0,3.7,10
ENG2024-00794,EMP00665,2024,2024-10-20,3.6,3.9,2.9,4.3,3.1,9
ENG2024-00795,EMP00666,2024,2024-10-21,1.9,2.5,2.3,3.2,2.0,6
ENG2024-00796,EMP00669,2024,2024-10-16,4.7,4.1,3.6,3.8,4.4,8
ENG2024-00797,EMP00670,2024,2024-10-28,3.1,2.6,2.6,3.5,3.2,6
ENG2024-00798,EMP00671,2024,2024-10-24,2.2,2.4,1.9,2.8,2.7,3
ENG2024-00799,EMP00672,2024,2024-10-28,3.1,3.2,2.4,2.8,3.0,7
ENG2024-00800,EMP00673,2024,2024-10-20,3.5,2.8,3.0,2.3,2.9,6
ENG2024-00801,EMP00674,2024,2024-10-23,3.2,3.0,2.9,3.4,2.5,9
ENG2024-00802,EMP00675,2024,2024-10-21,2.8,2.1,2.1,2.7,3.2,11
ENG2024-00803,EMP00677,2024,2024-10-17,3.5,3.6,3.2,3.7,3.0,8
ENG2024-00804,EMP00678,2024,2024-10-24,3.9,4.2,4.1,5.0,3.5,10
ENG2024-00805,EMP00680,2024,2024-10-24,3.2,2.9,2.7,3.0,2.7,6
ENG2024-00806,EMP00681,2024,2024-10-28,2.9,3.2,1.8,2.9,2.2,6
ENG2024-00807,EMP00682,2024,2024-10-25,3.8,3.8,3.6,4.5,3.7,9
ENG2024-00808,EMP00684,2024,2024-10-27,2.5,3.3,3.0,3.7,3.0,4
ENG2024-00809,EMP00685,2024,2024-10-22,2.6,2.3,2.5,2.3,2.0,4
ENG2024-00810,EMP00686,2024,2024-10-20,4.2,2.9,4.1,4.6,4.1,10
ENG2024-00811,EMP00687,2024,2024-10-15,3.3,3.4,3.8,4.3,3.5,10
ENG2024-00812,EMP00688,2024,2024-10-17,2.3,2.4,3.4,3.0,2.7,5
ENG2024-00813,EMP00690,2024,2024-10-28,3.0,3.7,3.1,3.5,2.6,7
ENG2024-00814,EMP00691,2024,2024-10-17,4.0,2.9,3.2,3.4,3.5,9
ENG2024-00815,EMP00692,2024,2024-10-28,4.6,4.0,3.6,3.5,3.1,9
ENG2024-00816,EMP00696,2024,2024-10-18,2.7,3.0,4.2,2.9,2.9,9
ENG2024-00817,EMP00698,2024,2024-10-17,3.0,3.2,2.6,3.3,2.7,7
ENG2025-00818,EMP00002,2025,2025-10-25,3.8,3.7,3.1,3.6,4.0,10
ENG2025-00819,EMP00003,2025,2025-10-17,4.0,3.7,3.2,4.0,3.1,9
ENG2025-00820,EMP00005,2025,2025-10-17,4.3,3.4,3.6,3.1,2.9,8
ENG2025-00821,EMP00007,2025,2025-10-22,3.5,3.4,2.1,4.1,3.4,9
ENG2025-00822,EMP00008,2025,2025-10-25,3.7,3.6,3.2,3.9,3.9,9
ENG2025-00823,EMP00009,2025,2025-10-19,4.0,2.7,3.0,3.7,3.6,8
ENG2025-00824,EMP00011,2025,2025-10-28,4.4,3.5,3.7,4.7,4.1,9
ENG2025-00825,EMP00012,2025,2025-10-25,3.2,3.8,3.0,3.9,2.6,10
ENG2025-00826,EMP00016,2025,2025-10-24,3.9,3.6,3.2,2.9,3.2,7
ENG2025-00827,EMP00017,2025,2025-10-25,3.4,2.6,2.7,3.5,2.6,6
ENG2025-00828,EMP00019,2025,2025-10-22,2.6,3.4,2.2,3.9,4.0,9
ENG2025-00829,EMP00022,2025,2025-10-16,3.6,4.4,3.9,4.2,3.7,10
ENG2025-00830,EMP00025,2025,2025-10-23,4.2,3.9,4.0,3.5,4.4,9
ENG2025-00831,EMP00029,2025,2025-10-17,4.5,3.5,4.1,3.5,3.2,7
ENG2025-00832,EMP00030,2025,2025-10-23,4.2,5.0,4.6,4.7,4.6,10
ENG2025-00833,EMP00031,2025,2025-10-26,4.4,4.7,3.8,4.3,4.2,10
ENG2025-00834,EMP00034,2025,2025-10-22,4.1,3.7,3.8,4.5,3.2,10
ENG2025-00835,EMP00037,2025,2025-10-23,5.0,5.0,5.0,5.0,4.7,10
ENG2025-00836,EMP00039,2025,2025-10-15,2.5,2.7,2.2,2.3,2.8,4
ENG2025-00837,EMP00040,2025,2025-10-28,4.1,3.5,4.7,4.3,4.3,10
ENG2025-00838,EMP00044,2025,2025-10-16,3.8,3.1,2.9,3.7,3.7,7
ENG2025-00839,EMP00046,2025,2025-10-24,3.8,4.1,3.8,3.8,3.2,8
ENG2025-00840,EMP00047,2025,2025-10-21,4.1,3.8,3.6,4.1,3.6,9
ENG2025-00841,EMP00048,2025,2025-10-18,3.9,2.9,2.1,3.9,2.8,5
ENG2025-00842,EMP00049,2025,2025-10-19,3.5,4.2,2.9,3.5,3.0,7
ENG2025-00843,EMP00050,2025,2025-10-16,3.7,3.2,2.9,3.6,3.9,10
ENG2025-00844,EMP00051,2025,2025-10-27,3.3,4.1,3.5,4.7,3.8,10
ENG2025-00845,EMP00053,2025,2025-10-18,2.9,2.8,2.6,3.6,3.5,8
ENG2025-00846,EMP00054,2025,2025-10-24,3.0,4.1,2.8,3.0,3.0,6
ENG2025-00847,EMP00055,2025,2025-10-25,3.6,4.3,3.0,4.2,4.4,8
ENG2025-00848,EMP00056,2025,2025-10-24,4.8,5.0,3.8,4.6,3.4,10
ENG2025-00849,EMP00058,2025,2025-10-19,4.4,3.9,3.1,4.6,4.5,9
ENG2025-00850,EMP00061,2025,2025-10-15,3.9,3.9,3.8,4.4,3.0,9
ENG2025-00851,EMP00063,2025,2025-10-16,3.4,3.5,4.0,3.1,4.4,9
ENG2025-00852,EMP00065,2025,2025-10-21,3.6,2.9,2.8,3.2,3.2,6
ENG2025-00853,EMP00066,2025,2025-10-24,3.6,3.2,3.7,4.0,3.1,7
ENG2025-00854,EMP00067,2025,2025-10-16,4.1,3.3,3.5,4.3,3.9,10
ENG2025-00855,EMP00071,2025,2025-10-27,3.4,2.6,2.7,3.6,2.8,5
ENG2025-00856,EMP00072,2025,2025-10-17,4.7,4.8,3.4,4.2,4.0,10
ENG2025-00857,EMP00074,2025,2025-10-18,3.2,2.6,2.8,3.3,3.1,7
ENG2025-00858,EMP00075,2025,2025-10-19,2.9,2.3,2.6,2.2,1.9,3
ENG2025-00859,EMP00076,2025,2025-10-28,3.8,3.9,2.4,3.4,2.3,6
ENG2025-00860,EMP00077,2025,2025-10-25,2.5,3.1,2.8,2.6,2.5,6
ENG2025-00861,EMP00080,2025,2025-10-19,3.5,3.3,2.9,3.0,3.7,8
ENG2025-00862,EMP00081,2025,2025-10-22,4.4,4.7,4.0,4.6,3.5,10
ENG2025-00863,EMP00082,2025,2025-10-27,3.9,4.8,3.9,4.2,4.8,8
ENG2025-00864,EMP00084,2025,2025-10-20,3.7,3.0,2.1,3.2,2.9,3
ENG2025-00865,EMP00089,2025,2025-10-24,3.6,3.0,2.7,2.9,2.8,4
ENG2025-00866,EMP00091,2025,2025-10-28,3.5,3.8,3.7,3.5,3.8,9
ENG2025-00867,EMP00092,2025,2025-10-25,2.8,2.6,1.6,2.8,2.4,7
ENG2025-00868,EMP00094,2025,2025-10-21,4.6,4.3,4.2,4.6,4.7,9
ENG2025-00869,EMP00095,2025,2025-10-24,4.1,2.7,3.3,3.3,3.8,8
ENG2025-00870,EMP00096,2025,2025-10-24,4.8,4.2,4.4,4.8,5.0,10
ENG2025-00871,EMP00099,2025,2025-10-15,3.5,3.9,3.5,3.9,4.1,7
ENG2025-00872,EMP00100,2025,2025-10-22,3.5,3.6,3.1,3.7,3.0,9
ENG2025-00873,EMP00101,2025,2025-10-22,3.5,2.6,2.9,3.7,3.4,8
ENG2025-00874,EMP00105,2025,2025-10-25,3.5,3.7,3.5,4.0,3.2,7
ENG2025-00875,EMP00108,2025,2025-10-19,3.6,4.1,3.2,4.0,4.2,10
ENG2025-00876,EMP00109,2025,2025-10-21,4.0,3.9,3.7,3.8,3.7,7
ENG2025-00877,EMP00112,2025,2025-10-24,3.3,3.2,3.4,2.8,3.2,6
ENG2025-00878,EMP00114,2025,2025-10-24,3.2,3.6,3.0,3.5,2.9,5
ENG2025-00879,EMP00115,2025,2025-10-25,3.6,3.8,4.3,4.3,3.3,9
ENG2025-00880,EMP00116,2025,2025-10-27,3.5,3.8,3.4,4.0,3.6,8
ENG2025-00881,EMP00120,2025,2025-10-16,3.4,3.7,3.2,4.1,4.0,7
ENG2025-00882,EMP00123,2025,2025-10-27,3.3,3.3,3.9,3.9,3.3,8
ENG2025-00883,EMP00125,2025,2025-10-27,5.0,4.7,4.9,5.0,5.0,10
ENG2025-00884,EMP00127,2025,2025-10-18,3.2,3.4,3.7,2.9,2.6,6
ENG2025-00885,EMP00129,2025,2025-10-17,3.6,3.7,2.8,3.5,2.9,10
ENG2025-00886,EMP00131,2025,2025-10-18,4.4,4.9,3.3,3.7,4.2,10
ENG2025-00887,EMP00136,2025,2025-10-15,5.0,3.7,3.6,4.8,4.5,10
ENG2025-00888,EMP00139,2025,2025-10-20,5.0,4.0,3.8,4.9,4.0,9
ENG2025-00889,EMP00141,2025,2025-10-26,4.4,3.9,3.8,4.4,3.6,9
ENG2025-00890,EMP00146,2025,2025-10-20,3.2,3.9,3.2,3.6,3.2,8
ENG2025-00891,EMP00148,2025,2025-10-28,4.6,4.3,4.1,5.0,4.0,10
ENG2025-00892,EMP00149,2025,2025-10-24,3.1,4.0,2.9,4.0,3.7,7
ENG2025-00893,EMP00153,2025,2025-10-26,5.0,4.8,4.4,4.9,5.0,10
ENG2025-00894,EMP00154,2025,2025-10-24,2.4,3.4,2.9,3.4,3.7,7
ENG2025-00895,EMP00156,2025,2025-10-21,4.0,4.0,3.2,4.6,2.9,7
ENG2025-00896,EMP00160,2025,2025-10-20,4.8,3.7,3.2,4.4,3.6,9
ENG2025-00897,EMP00162,2025,2025-10-18,3.4,3.4,2.7,3.9,3.7,9
ENG2025-00898,EMP00165,2025,2025-10-26,2.7,3.6,3.5,2.6,3.5,6
ENG2025-00899,EMP00167,2025,2025-10-26,2.6,3.0,3.1,3.2,2.3,5
ENG2025-00900,EMP00168,2025,2025-10-27,4.2,5.0,4.4,4.6,3.7,10
ENG2025-00901,EMP00171,2025,2025-10-15,3.9,3.1,3.3,3.0,3.4,6
ENG2025-00902,EMP00174,2025,2025-10-24,3.6,3.1,2.6,3.2,3.1,5
ENG2025-00903,EMP00176,2025,2025-10-26,3.8,3.5,3.7,3.0,2.6,9
ENG2025-00904,EMP00178,2025,2025-10-27,2.9,3.2,3.9,4.1,3.2,8
ENG2025-00905,EMP00181,2025,2025-10-18,3.6,2.9,3.1,2.9,2.0,7
ENG2025-00906,EMP00182,2025,2025-10-26,3.4,3.5,3.5,3.7,3.8,10
ENG2025-00907,EMP00183,2025,2025-10-18,3.5,4.0,2.2,3.3,2.6,7
ENG2025-00908,EMP00188,2025,2025-10-18,4.4,3.4,3.1,4.2,4.1,8
ENG2025-00909,EMP00190,2025,2025-10-15,3.0,2.2,2.5,3.3,3.1,6
ENG2025-00910,EMP00194,2025,2025-10-25,2.4,1.7,1.6,2.5,1.8,4
ENG2025-00911,EMP00196,2025,2025-10-28,3.4,3.1,2.5,3.5,3.0,5
ENG2025-00912,EMP00197,2025,2025-10-21,2.4,2.6,1.5,3.0,1.9,1
ENG2025-00913,EMP00198,2025,2025-10-19,4.8,4.6,4.3,4.6,4.5,9
ENG2025-00914,EMP00199,2025,2025-10-25,3.4,3.7,3.5,4.0,4.1,8
ENG2025-00915,EMP00200,2025,2025-10-23,2.6,2.3,2.2,2.6,1.7,4
ENG2025-00916,EMP00203,2025,2025-10-25,3.5,3.4,3.1,3.6,3.0,10
ENG2025-00917,EMP00204,2025,2025-10-19,3.3,4.4,3.7,3.7,3.9,10
ENG2025-00918,EMP00205,2025,2025-10-22,3.7,3.3,3.5,3.8,3.6,8
ENG2025-00919,EMP00206,2025,2025-10-28,3.3,4.3,3.8,4.1,4.1,9
ENG2025-00920,EMP00208,2025,2025-10-28,5.0,4.4,4.7,5.0,4.3,10
ENG2025-00921,EMP00209,2025,2025-10-24,4.5,3.9,3.5,4.3,4.5,10
ENG2025-00922,EMP00210,2025,2025-10-27,3.7,3.6,3.7,3.3,3.3,6
ENG2025-00923,EMP00211,2025,2025-10-26,3.8,3.9,4.1,4.0,3.1,8
ENG2025-00924,EMP00213,2025,2025-10-17,2.6,2.9,3.4,3.4,3.3,6
ENG2025-00925,EMP00214,2025,2025-10-16,2.7,2.6,2.4,2.7,2.4,6
ENG2025-00926,EMP00215,2025,2025-10-27,3.6,4.4,4.0,4.0,3.9,8
ENG2025-00927,EMP00216,2025,2025-10-21,3.9,3.2,3.5,3.2,3.0,10
ENG2025-00928,EMP00218,2025,2025-10-28,4.1,3.6,3.7,3.9,3.8,10
ENG2025-00929,EMP00219,2025,2025-10-27,4.2,3.8,3.7,3.4,4.3,9
ENG2025-00930,EMP00222,2025,2025-10-25,2.9,3.4,4.0,3.4,2.2,9
ENG2025-00931,EMP00223,2025,2025-10-18,3.1,4.0,3.1,3.7,3.6,6
ENG2025-00932,EMP00224,2025,2025-10-17,3.0,3.0,2.5,4.1,3.1,5
ENG2025-00933,EMP00228,2025,2025-10-26,2.2,3.1,1.8,2.8,3.0,5
ENG2025-00934,EMP00229,2025,2025-10-23,3.4,2.3,3.2,3.5,3.0,6
ENG2025-00935,EMP00230,2025,2025-10-20,2.5,3.0,2.5,3.4,2.4,4
ENG2025-00936,EMP00232,2025,2025-10-24,4.3,3.7,4.1,4.2,3.3,10
ENG2025-00937,EMP00234,2025,2025-10-21,4.2,3.1,3.5,4.3,4.0,8
ENG2025-00938,EMP00237,2025,2025-10-19,3.7,2.6,2.3,1.8,2.8,5
ENG2025-00939,EMP00239,2025,2025-10-15,5.0,5.0,5.0,5.0,4.7,10
ENG2025-00940,EMP00240,2025,2025-10-19,4.3,4.0,3.5,4.8,3.9,10
ENG2025-00941,EMP00242,2025,2025-10-25,3.6,3.4,3.8,4.3,3.7,9
ENG2025-00942,EMP00243,2025,2025-10-15,4.5,3.9,4.4,4.4,3.4,10
ENG2025-00943,EMP00245,2025,2025-10-18,4.2,4.0,3.5,3.3,3.4,7
ENG2025-00944,EMP00247,2025,2025-10-15,2.6,2.6,2.6,3.1,2.3,7
ENG2025-00945,EMP00248,2025,2025-10-24,4.1,4.7,3.8,5.0,3.4,10
ENG2025-00946,EMP00250,2025,2025-10-27,3.9,3.7,4.8,4.1,3.5,10
ENG2025-00947,EMP00251,2025,2025-10-25,3.6,3.6,3.8,4.0,2.9,7
ENG2025-00948,EMP00253,2025,2025-10-25,3.1,3.1,3.9,3.5,2.8,7
ENG2025-00949,EMP00254,2025,2025-10-19,2.9,2.5,3.5,3.8,2.8,8
ENG2025-00950,EMP00255,2025,2025-10-22,4.7,3.7,3.5,3.8,4.1,9
ENG2025-00951,EMP00256,2025,2025-10-26,4.0,3.6,3.5,4.3,3.7,9
ENG2025-00952,EMP00257,2025,2025-10-16,3.8,4.3,3.8,3.5,3.7,9
ENG2025-00953,EMP00260,2025,2025-10-19,4.7,4.1,3.4,4.6,4.1,9
ENG2025-00954,EMP00264,2025,2025-10-15,3.5,3.6,2.2,2.9,2.9,7
ENG2025-00955,EMP00265,2025,2025-10-19,3.7,3.2,3.6,3.9,2.6,9
ENG2025-00956,EMP00266,2025,2025-10-16,4.3,4.5,4.6,4.6,4.9,10
ENG2025-00957,EMP00268,2025,2025-10-25,3.2,3.3,3.6,3.4,2.9,9
ENG2025-00958,EMP00271,2025,2025-10-21,2.8,3.5,2.7,3.3,3.2,7
ENG2025-00959,EMP00272,2025,2025-10-18,4.8,4.2,4.0,4.7,2.9,10
ENG2025-00960,EMP00274,2025,2025-10-21,3.1,3.0,3.4,3.9,2.8,8
ENG2025-00961,EMP00276,2025,2025-10-18,3.4,4.1,2.4,3.2,4.0,6
ENG2025-00962,EMP00278,2025,2025-10-23,4.5,3.4,3.1,3.8,4.0,9
ENG2025-00963,EMP00282,2025,2025-10-22,3.3,4.0,3.3,4.0,3.6,10
ENG2025-00964,EMP00285,2025,2025-10-21,4.4,4.9,3.4,4.3,4.3,9
ENG2025-00965,EMP00286,2025,2025-10-17,4.1,3.9,4.3,3.7,3.4,7
ENG2025-00966,EMP00288,2025,2025-10-25,4.3,4.3,4.3,4.3,3.1,10
ENG2025-00967,EMP00289,2025,2025-10-27,3.6,3.1,2.7,3.0,3.0,7
ENG2025-00968,EMP00290,2025,2025-10-22,3.0,2.8,2.4,3.7,2.9,7
ENG2025-00969,EMP00291,2025,2025-10-25,3.1,2.7,3.6,3.7,3.3,8
ENG2025-00970,EMP00292,2025,2025-10-25,4.3,3.3,3.2,3.0,3.5,8
ENG2025-00971,EMP00293,2025,2025-10-17,3.0,4.0,2.9,3.3,3.7,7
ENG2025-00972,EMP00296,2025,2025-10-22,3.4,3.3,2.4,3.2,3.7,7
ENG2025-00973,EMP00298,2025,2025-10-23,3.8,3.2,3.2,3.3,3.4,6
ENG2025-00974,EMP00302,2025,2025-10-27,3.4,4.3,3.8,3.6,3.5,7
ENG2025-00975,EMP00303,2025,2025-10-27,4.8,4.6,4.4,4.8,4.6,10
ENG2025-00976,EMP00304,2025,2025-10-28,3.0,2.5,3.0,3.5,3.2,7
ENG2025-00977,EMP00307,2025,2025-10-25,4.5,4.9,4.9,4.9,4.0,9
ENG2025-00978,EMP00309,2025,2025-10-21,2.8,3.4,3.9,3.1,2.7,7
ENG2025-00979,EMP00310,2025,2025-10-19,4.0,5.0,4.1,4.7,4.2,10
ENG2025-00980,EMP00311,2025,2025-10-20,3.3,3.3,2.7,3.9,2.3,6
ENG2025-00981,EMP00313,2025,2025-10-17,3.6,3.3,3.4,3.3,3.1,5
ENG2025-00982,EMP00316,2025,2025-10-25,3.9,3.8,3.6,4.1,3.2,8
ENG2025-00983,EMP00317,2025,2025-10-17,3.2,3.3,2.8,3.4,3.2,5
ENG2025-00984,EMP00318,2025,2025-10-23,4.1,3.6,3.6,4.0,4.4,8
ENG2025-00985,EMP00321,2025,2025-10-24,5.0,5.0,5.0,5.0,4.4,10
ENG2025-00986,EMP00322,2025,2025-10-15,3.0,3.5,3.1,3.4,2.9,4
ENG2025-00987,EMP00327,2025,2025-10-23,3.4,3.7,3.3,3.9,3.0,9
ENG2025-00988,EMP00329,2025,2025-10-23,3.8,3.4,3.6,4.2,3.4,10
ENG2025-00989,EMP00330,2025,2025-10-15,3.9,3.9,3.6,4.2,3.4,8
ENG2025-00990,EMP00331,2025,2025-10-21,3.0,3.1,2.6,2.3,3.9,7
ENG2025-00991,EMP00333,2025,2025-10-23,3.8,3.4,2.5,4.4,3.2,10
ENG2025-00992,EMP00334,2025,2025-10-25,4.5,4.4,4.2,4.7,4.2,10
ENG2025-00993,EMP00337,2025,2025-10-28,4.1,3.4,3.7,4.2,3.3,7
ENG2025-00994,EMP00338,2025,2025-10-19,4.9,4.6,4.0,4.8,4.9,10
ENG2025-00995,EMP00339,2025,2025-10-22,3.9,3.9,3.6,4.5,4.1,10
ENG2025-00996,EMP00340,2025,2025-10-15,4.8,4.9,4.6,4.6,4.5,10
ENG2025-00997,EMP00341,2025,2025-10-28,4.3,3.8,4.0,3.6,3.0,9
ENG2025-00998,EMP00345,2025,2025-10-16,3.3,2.6,1.9,3.0,3.0,6
ENG2025-00999,EMP00353,2025,2025-10-22,2.3,2.9,1.9,2.8,2.5,4
ENG2025-01000,EMP00354,2025,2025-10-21,4.7,3.4,2.7,3.3,3.1,8
ENG2025-01001,EMP00358,2025,2025-10-22,3.0,3.8,3.0,2.7,3.1,4
ENG2025-01002,EMP00359,2025,2025-10-17,3.6,4.8,3.1,3.8,3.8,10
ENG2025-01003,EMP00360,2025,2025-10-17,3.7,3.9,3.4,4.1,3.8,9
ENG2025-01004,EMP00361,2025,2025-10-17,3.4,3.3,3.5,4.0,3.6,10
ENG2025-01005,EMP00362,2025,2025-10-16,4.3,2.8,3.7,3.7,2.7,7
ENG2025-01006,EMP00364,2025,2025-10-15,3.0,2.8,2.6,3.2,2.8,5
ENG2025-01007,EMP00367,2025,2025-10-19,3.7,3.9,3.2,3.8,3.9,7
ENG2025-01008,EMP00369,2025,2025-10-28,2.6,3.5,3.0,3.6,2.6,6
ENG2025-01009,EMP00370,2025,2025-10-26,2.9,3.3,2.8,2.9,2.5,6
ENG2025-01010,EMP00373,2025,2025-10-15,4.3,4.6,4.0,4.8,4.2,10
ENG2025-01011,EMP00374,2025,2025-10-17,2.3,2.3,1.8,1.8,2.8,4
ENG2025-01012,EMP00375,2025,2025-10-21,2.7,3.5,2.3,3.3,2.3,5
ENG2025-01013,EMP00376,2025,2025-10-19,3.8,4.1,3.9,4.0,3.7,8
ENG2025-01014,EMP00377,2025,2025-10-28,3.7,3.3,2.5,3.2,2.8,4
ENG2025-01015,EMP00378,2025,2025-10-23,3.8,4.4,3.0,4.3,4.1,10
ENG2025-01016,EMP00379,2025,2025-10-16,4.5,4.2,3.4,4.2,3.6,10
ENG2025-01017,EMP00380,2025,2025-10-26,3.3,3.0,2.9,4.1,2.9,7
ENG2025-01018,EMP00381,2025,2025-10-25,4.6,4.1,3.8,4.8,4.6,8
ENG2025-01019,EMP00383,2025,2025-10-25,3.7,3.7,3.2,3.7,2.8,8
ENG2025-01020,EMP00384,2025,2025-10-16,3.8,3.7,3.2,3.2,3.4,7
ENG2025-01021,EMP00385,2025,2025-10-21,3.0,2.3,2.5,3.5,3.1,4
ENG2025-01022,EMP00386,2025,2025-10-20,2.9,3.1,2.9,3.5,2.4,7
ENG2025-01023,EMP00387,2025,2025-10-15,4.0,4.3,4.7,4.2,4.3,8
ENG2025-01024,EMP00391,2025,2025-10-17,4.8,4.1,4.0,5.0,4.7,10
ENG2025-01025,EMP00393,2025,2025-10-22,4.3,3.6,3.1,3.0,3.2,8
ENG2025-01026,EMP00397,2025,2025-10-24,4.1,3.9,4.1,3.8,3.2,8
ENG2025-01027,EMP00398,2025,2025-10-15,3.0,3.1,2.1,2.6,2.8,4
ENG2025-01028,EMP00400,2025,2025-10-19,2.4,3.0,1.8,2.7,2.2,4
ENG2025-01029,EMP00404,2025,2025-10-24,2.6,3.7,2.2,3.5,3.3,6
ENG2025-01030,EMP00406,2025,2025-10-27,3.9,4.0,3.4,4.2,3.5,8
ENG2025-01031,EMP00409,2025,2025-10-18,4.3,4.3,3.7,3.5,3.6,6
ENG2025-01032,EMP00413,2025,2025-10-23,4.0,4.1,3.2,3.7,4.3,10
ENG2025-01033,EMP00417,2025,2025-10-27,4.1,3.6,2.8,3.8,2.7,9
ENG2025-01034,EMP00418,2025,2025-10-22,3.2,3.4,3.1,3.8,3.3,7
ENG2025-01035,EMP00420,2025,2025-10-19,3.1,3.7,3.6,3.2,2.8,6
ENG2025-01036,EMP00423,2025,2025-10-26,3.2,2.0,2.4,3.0,2.5,5
ENG2025-01037,EMP00424,2025,2025-10-26,3.1,2.5,2.2,2.4,1.9,5
ENG2025-01038,EMP00425,2025,2025-10-27,4.1,4.6,4.3,3.9,4.2,8
ENG2025-01039,EMP00426,2025,2025-10-28,4.0,3.4,3.8,3.3,2.6,7
ENG2025-01040,EMP00427,2025,2025-10-19,3.4,3.5,2.3,3.7,2.6,9
ENG2025-01041,EMP00429,2025,2025-10-27,3.2,3.0,2.5,2.8,2.9,6
ENG2025-01042,EMP00431,2025,2025-10-19,3.9,4.1,3.4,4.4,4.0,10
ENG2025-01043,EMP00432,2025,2025-10-25,3.1,4.3,3.7,3.6,4.4,9
ENG2025-01044,EMP00433,2025,2025-10-20,3.9,3.1,3.6,3.4,4.2,8
ENG2025-01045,EMP00439,2025,2025-10-24,3.6,3.7,3.7,4.1,3.4,10
ENG2025-01046,EMP00440,2025,2025-10-28,3.8,3.3,3.5,4.4,3.8,10
ENG2025-01047,EMP00442,2025,2025-10-24,4.1,3.5,3.2,3.7,2.3,9
ENG2025-01048,EMP00447,2025,2025-10-18,3.2,4.2,3.7,4.1,3.6,9
ENG2025-01049,EMP00449,2025,2025-10-22,3.3,2.6,2.8,3.3,2.7,8
ENG2025-01050,EMP00450,2025,2025-10-25,3.3,2.8,3.0,4.1,3.1,7
ENG2025-01051,EMP00452,2025,2025-10-25,4.0,3.6,3.7,4.6,3.5,10
ENG2025-01052,EMP00453,2025,2025-10-20,5.0,3.9,4.3,3.9,4.3,10
ENG2025-01053,EMP00454,2025,2025-10-17,3.2,3.2,2.7,4.2,3.4,8
ENG2025-01054,EMP00455,2025,2025-10-27,2.6,2.4,3.0,3.1,2.5,4
ENG2025-01055,EMP00457,2025,2025-10-16,2.8,2.8,2.1,3.0,2.6,6
ENG2025-01056,EMP00458,2025,2025-10-16,3.9,4.0,4.3,3.9,3.8,7
ENG2025-01057,EMP00460,2025,2025-10-25,4.3,3.0,3.9,4.0,3.5,9
ENG2025-01058,EMP00461,2025,2025-10-25,4.2,2.9,2.7,4.1,3.9,9
ENG2025-01059,EMP00462,2025,2025-10-17,4.5,4.1,2.8,3.2,2.8,6
ENG2025-01060,EMP00463,2025,2025-10-23,3.9,2.9,3.3,3.9,3.2,7
ENG2025-01061,EMP00465,2025,2025-10-22,4.4,4.4,4.1,4.6,4.3,10
ENG2025-01062,EMP00466,2025,2025-10-22,3.9,3.3,3.2,4.3,4.3,10
ENG2025-01063,EMP00467,2025,2025-10-26,3.1,3.5,3.5,3.5,3.2,7
ENG2025-01064,EMP00469,2025,2025-10-26,3.2,3.0,2.3,2.8,2.8,6
ENG2025-01065,EMP00470,2025,2025-10-23,3.4,3.2,2.6,3.1,3.3,8
ENG2025-01066,EMP00472,2025,2025-10-27,2.3,1.9,2.5,2.8,3.0,2
ENG2025-01067,EMP00473,2025,2025-10-15,4.4,4.0,3.7,4.5,3.0,10
ENG2025-01068,EMP00474,2025,2025-10-25,3.6,3.8,2.7,3.8,3.0,8
ENG2025-01069,EMP00476,2025,2025-10-16,3.4,4.2,3.2,3.7,3.8,8
ENG2025-01070,EMP00481,2025,2025-10-16,2.8,2.8,3.3,4.3,2.1,7
ENG2025-01071,EMP00483,2025,2025-10-26,3.2,3.4,2.9,3.6,3.3,8
ENG2025-01072,EMP00486,2025,2025-10-15,4.3,3.0,2.9,3.4,3.6,8
ENG2025-01073,EMP00487,2025,2025-10-20,4.1,3.5,2.8,4.0,4.0,9
ENG2025-01074,EMP00492,2025,2025-10-26,4.4,4.5,3.1,3.3,3.8,7
ENG2025-01075,EMP00493,2025,2025-10-21,4.0,4.3,4.1,3.4,3.8,9
ENG2025-01076,EMP00494,2025,2025-10-16,3.6,3.4,1.9,3.0,2.7,4
ENG2025-01077,EMP00495,2025,2025-10-25,2.7,2.6,2.3,2.8,2.6,7
ENG2025-01078,EMP00496,2025,2025-10-25,3.1,4.3,2.8,3.9,3.6,8
ENG2025-01079,EMP00498,2025,2025-10-17,4.1,3.6,3.0,3.9,3.4,8
ENG2025-01080,EMP00500,2025,2025-10-28,4.0,4.7,3.5,4.7,3.8,7
ENG2025-01081,EMP00501,2025,2025-10-25,3.6,3.3,3.5,3.2,2.6,5
ENG2025-01082,EMP00502,2025,2025-10-19,3.6,4.0,3.0,3.9,3.0,4
ENG2025-01083,EMP00504,2025,2025-10-26,3.0,2.5,3.0,3.5,2.7,6
ENG2025-01084,EMP00507,2025,2025-10-20,4.6,4.2,4.0,4.0,4.0,10
ENG2025-01085,EMP00509,2025,2025-10-16,4.2,3.5,4.9,4.5,4.8,9
ENG2025-01086,EMP00510,2025,2025-10-28,4.2,3.4,2.2,3.0,3.7,7
ENG2025-01087,EMP00518,2025,2025-10-25,2.9,3.2,3.1,4.3,3.2,7
ENG2025-01088,EMP00521,2025,2025-10-27,3.9,3.7,3.9,4.9,3.5,10
ENG2025-01089,EMP00528,2025,2025-10-24,3.1,3.0,2.6,3.0,3.3,11
ENG2025-01090,EMP00529,2025,2025-10-22,3.9,3.8,4.3,4.5,3.9,9
ENG2025-01091,EMP00530,2025,2025-10-22,2.7,3.3,2.3,2.8,2.7,8
ENG2025-01092,EMP00534,2025,2025-10-26,4.1,4.0,3.2,3.4,3.1,9
ENG2025-01093,EMP00535,2025,2025-10-21,3.4,4.1,4.1,3.6,3.0,5
ENG2025-01094,EMP00536,2025,2025-10-27,3.0,3.9,2.5,3.4,3.6,8
ENG2025-01095,EMP00537,2025,2025-10-24,5.0,3.9,4.2,5.0,4.1,10
ENG2025-01096,EMP00538,2025,2025-10-19,3.7,3.8,3.4,3.8,4.0,9
ENG2025-01097,EMP00541,2025,2025-10-19,4.4,4.0,3.9,3.8,3.5,10
ENG2025-01098,EMP00543,2025,2025-10-22,3.2,4.1,3.4,2.8,3.1,10
ENG2025-01099,EMP00544,2025,2025-10-17,4.7,4.8,3.4,3.8,3.7,10
ENG2025-01100,EMP00545,2025,2025-10-23,2.8,3.9,2.2,3.4,2.1,7
ENG2025-01101,EMP00547,2025,2025-10-26,2.9,3.0,1.9,3.1,2.4,4
ENG2025-01102,EMP00548,2025,2025-10-18,4.2,4.3,3.7,4.6,3.6,9
ENG2025-01103,EMP00549,2025,2025-10-16,4.2,3.7,4.0,4.5,3.3,10
ENG2025-01104,EMP00551,2025,2025-10-21,4.1,3.5,3.6,3.6,3.3,8
ENG2025-01105,EMP00556,2025,2025-10-26,2.9,4.0,3.2,3.3,3.2,8
ENG2025-01106,EMP00558,2025,2025-10-25,4.7,4.4,3.7,4.6,3.7,10
ENG2025-01107,EMP00559,2025,2025-10-19,4.2,4.4,4.3,4.5,4.0,10
ENG2025-01108,EMP00563,2025,2025-10-22,3.1,3.9,3.5,4.5,2.8,9
ENG2025-01109,EMP00564,2025,2025-10-28,4.2,3.8,3.6,4.0,3.5,9
ENG2025-01110,EMP00566,2025,2025-10-24,4.5,3.9,4.2,5.0,3.9,9
ENG2025-01111,EMP00572,2025,2025-10-25,3.6,4.1,4.2,4.8,5.0,8
ENG2025-01112,EMP00576,2025,2025-10-15,3.1,4.1,2.9,3.2,3.8,7
ENG2025-01113,EMP00583,2025,2025-10-28,3.3,4.1,3.3,3.0,2.6,5
ENG2025-01114,EMP00584,2025,2025-10-17,4.5,4.6,3.3,4.6,4.0,10
ENG2025-01115,EMP00587,2025,2025-10-20,3.0,3.5,3.9,3.5,3.3,7
ENG2025-01116,EMP00595,2025,2025-10-18,3.1,3.3,3.2,3.0,3.4,8
ENG2025-01117,EMP00597,2025,2025-10-26,4.8,4.7,3.3,4.2,3.9,10
ENG2025-01118,EMP00599,2025,2025-10-25,3.4,3.8,3.0,2.9,3.9,7
ENG2025-01119,EMP00600,2025,2025-10-26,2.9,3.0,2.7,3.0,2.8,6
ENG2025-01120,EMP00603,2025,2025-10-28,3.2,4.3,3.7,3.1,3.2,9
ENG2025-01121,EMP00605,2025,2025-10-16,4.1,3.9,3.3,4.1,3.6,8
ENG2025-01122,EMP00607,2025,2025-10-17,5.0,5.0,3.8,4.1,3.5,10
ENG2025-01123,EMP00610,2025,2025-10-18,3.8,3.0,3.3,3.7,3.1,10
ENG2025-01124,EMP00612,2025,2025-10-22,5.0,5.0,4.2,4.7,4.4,10
ENG2025-01125,EMP00613,2025,2025-10-24,4.3,3.4,3.7,5.0,2.9,9
ENG2025-01126,EMP00621,2025,2025-10-24,3.6,3.9,3.4,3.7,4.0,10
ENG2025-01127,EMP00622,2025,2025-10-18,4.4,3.8,4.2,4.9,4.1,10
ENG2025-01128,EMP00623,2025,2025-10-17,3.6,4.3,3.2,3.8,3.5,10
ENG2025-01129,EMP00624,2025,2025-10-25,3.4,2.8,3.1,3.1,3.1,6
ENG2025-01130,EMP00625,2025,2025-10-16,4.3,4.0,3.7,4.0,3.9,6
ENG2025-01131,EMP00626,2025,2025-10-24,3.1,3.1,3.2,3.1,3.7,8
ENG2025-01132,EMP00628,2025,2025-10-15,3.9,2.8,2.6,3.9,2.7,11
ENG2025-01133,EMP00629,2025,2025-10-16,3.6,2.8,3.0,3.1,3.2,6
ENG2025-01134,EMP00630,2025,2025-10-28,4.1,4.1,3.7,4.3,4.1,10
ENG2025-01135,EMP00631,2025,2025-10-26,2.8,3.0,2.4,2.7,2.2,5
ENG2025-01136,EMP00632,2025,2025-10-26,4.7,4.2,4.1,4.5,4.2,9
ENG2025-01137,EMP00633,2025,2025-10-25,4.8,4.3,4.1,4.4,4.1,10
ENG2025-01138,EMP00634,2025,2025-10-27,4.5,3.9,3.2,3.5,2.8,7
ENG2025-01139,EMP00635,2025,2025-10-18,3.0,2.5,2.4,2.4,2.6,4
ENG2025-01140,EMP00637,2025,2025-10-20,3.7,4.1,3.2,3.7,3.2,5
ENG2025-01141,EMP00639,2025,2025-10-24,4.6,3.7,3.7,4.0,3.4,10
ENG2025-01142,EMP00640,2025,2025-10-16,3.7,3.4,3.2,3.3,3.1,8
ENG2025-01143,EMP00641,2025,2025-10-21,4.3,4.1,3.8,3.9,4.1,8
ENG2025-01144,EMP00642,2025,2025-10-20,3.3,3.2,3.2,3.3,2.9,6
ENG2025-01145,EMP00643,2025,2025-10-19,3.9,4.1,4.0,4.0,3.3,10
ENG2025-01146,EMP00645,2025,2025-10-23,5.0,4.7,4.5,5.0,4.6,10
ENG2025-01147,EMP00647,2025,2025-10-22,3.6,3.6,2.9,3.2,3.3,6
ENG2025-01148,EMP00648,2025,2025-10-19,3.2,3.5,2.4,3.3,3.5,6
ENG2025-01149,EMP00649,2025,2025-10-23,4.0,3.9,3.9,3.8,4.1,9
ENG2025-01150,EMP00651,2025,2025-10-28,4.1,5.0,3.1,4.6,3.6,10
ENG2025-01151,EMP00652,2025,2025-10-17,4.2,4.1,3.8,4.0,3.6,11
ENG2025-01152,EMP00654,2025,2025-10-27,2.6,3.2,2.8,3.5,3.0,7
ENG2025-01153,EMP00656,2025,2025-10-24,3.3,3.0,3.6,3.6,3.8,10
ENG2025-01154,EMP00659,2025,2025-10-19,3.4,4.3,2.8,3.7,2.9,9
ENG2025-01155,EMP00662,2025,2025-10-22,3.8,3.9,4.0,4.5,3.3,8
ENG2025-01156,EMP00664,2025,2025-10-22,5.0,4.5,4.1,4.2,4.2,10
ENG2025-01157,EMP00665,2025,2025-10-26,3.3,3.3,4.1,3.6,3.9,9
ENG2025-01158,EMP00667,2025,2025-10-24,3.0,3.3,3.3,4.0,3.4,6
ENG2025-01159,EMP00668,2025,2025-10-16,3.4,2.5,3.0,2.4,2.5,6
ENG2025-01160,EMP00669,2025,2025-10-20,3.4,3.8,3.8,3.8,3.1,9
ENG2025-01161,EMP00671,2025,2025-10-26,3.0,2.7,2.6,2.8,2.7,6
ENG2025-01162,EMP00673,2025,2025-10-27,3.9,3.6,2.9,4.1,3.4,9
ENG2025-01163,EMP00675,2025,2025-10-15,2.6,2.7,2.8,3.8,3.0,8
ENG2025-01164,EMP00677,2025,2025-10-18,4.4,4.9,3.6,3.9,3.5,7
ENG2025-01165,EMP00678,2025,2025-10-18,4.6,4.4,3.9,4.1,4.0,9
ENG2025-01166,EMP00679,2025,2025-10-26,3.6,2.5,3.0,4.0,2.5,9
ENG2025-01167,EMP00682,2025,2025-10-28,4.0,4.0,4.4,4.3,3.6,10
ENG2025-01168,EMP00683,2025,2025-10-24,2.8,2.4,1.8,2.9,2.9,5
ENG2025-01169,EMP00684,2025,2025-10-23,3.4,3.2,3.4,3.1,3.8,7
ENG2025-01170,EMP00687,2025,2025-10-15,3.8,3.5,3.6,4.7,2.8,10
ENG2025-01171,EMP00689,2025,2025-10-23,3.9,3.6,3.2,3.7,3.8,8
ENG2025-01172,EMP00690,2025,2025-10-25,4.2,3.9,3.6,4.1,3.6,7
ENG2025-01173,EMP00691,2025,2025-10-26,3.9,3.1,2.5,4.4,3.6,8
ENG2025-01174,EMP00692,2025,2025-10-16,4.0,3.9,3.2,3.6,3.1,8
ENG2025-01175,EMP00693,2025,2025-10-18,3.3,3.6,2.8,4.2,2.9,9
ENG2025-01176,EMP00694,2025,2025-10-17,5.0,4.7,4.3,4.4,3.7,10
ENG2025-01177,EMP00696,2025,2025-10-28,2.9,2.9,3.2,3.6,3.3,6
ENG2025-01178,EMP00697,2025,2025-10-28,4.5,4.1,3.6,3.9,3.5,10
ENG2025-01179,EMP00698,2025,2025-10-15,3.1,2.6,2.6,3.5,2.5,4
ENG2025-01180,EMP00701,2025,2025-10-16,3.6,3.6,4.1,3.2,2.9,9
ENG2025-01181,EMP00703,2025,2025-10-20,2.6,2.7,2.6,2.8,1.9,6
ENG2025-01182,EMP00705,2025,2025-10-25,3.2,3.3,2.3,2.9,3.1,6
ENG2025-01183,EMP00707,2025,2025-10-16,3.2,2.8,2.3,2.8,1.9,7
ENG2025-01184,EMP00709,2025,2025-10-24,3.8,3.8,2.9,3.9,3.2,9
ENG2025-01185,EMP00710,2025,2025-10-27,3.6,3.7,3.1,3.5,3.7,8
ENG2025-01186,EMP00712,2025,2025-10-24,2.7,3.8,2.5,3.3,3.7,7
ENG2025-01187,EMP00713,2025,2025-10-17,4.8,4.8,3.4,5.0,4.1,10
ENG2025-01188,EMP00714,2025,2025-10-22,3.5,3.9,3.1,3.4,2.7,7
ENG2025-01189,EMP00715,2025,2025-10-23,4.1,3.4,3.7,4.2,3.4,7
ENG2025-01190,EMP00716,2025,2025-10-18,3.5,4.4,2.3,3.8,3.1,7
ENG2025-01191,EMP00717,2025,2025-10-27,3.4,2.6,2.5,2.3,2.7,7
ENG2025-01192,EMP00718,2025,2025-10-20,3.2,3.5,3.6,4.2,3.0,10
ENG2025-01193,EMP00719,2025,2025-10-20,3.1,4.0,2.3,3.5,2.9,6
ENG2025-01194,EMP00720,2025,2025-10-18,3.1,3.0,2.5,3.1,2.5,6
ENG2025-01195,EMP00721,2025,2025-10-26,5.0,4.2,3.6,4.1,3.9,10
ENG2025-01196,EMP00722,2025,2025-10-19,3.9,4.6,3.0,3.2,3.2,8
ENG2025-01197,EMP00727,2025,2025-10-23,4.1,3.0,2.7,4.2,4.1,8
ENG2025-01198,EMP00729,2025,2025-10-24,2.9,2.4,2.6,3.1,2.7,11
ENG2025-01199,EMP00731,2025,2025-10-20,3.0,3.7,3.0,3.4,3.0,8
ENG2025-01200,EMP00733,2025,2025-10-24,4.0,3.1,3.2,3.8,3.4,10
ENG2025-01201,EMP00734,2025,2025-10-18,4.2,4.1,3.2,5.0,3.5,10
ENG2025-01202,EMP00736,2025,2025-10-27,4.2,3.7,3.1,3.4,3.6,11
ENG2025-01203,EMP00737,2025,2025-10-15,4.1,3.7,3.3,3.7,3.9,9
ENG2025-01204,EMP00739,2025,2025-10-25,3.8,4.2,3.4,4.2,3.6,10
ENG2025-01205,EMP00740,2025,2025-10-28,4.3,4.1,4.2,4.1,4.0,9
ENG2025-01206,EMP00741,2025,2025-10-26,3.6,2.5,2.3,3.8,4.0,9
ENG2025-01207,EMP00742,2025,2025-10-27,4.5,4.7,4.8,4.3,3.9,9
ENG2025-01208,EMP00743,2025,2025-10-21,3.4,3.8,2.6,3.7,3.6,6
ENG2025-01209,EMP00747,2025,2025-10-22,3.1,3.8,2.6,3.5,3.2,7
ENG2025-01210,EMP00748,2025,2025-10-26,3.1,1.4,2.2,2.7,1.9,4
ENG2025-01211,EMP00749,2025,2025-10-16,3.0,2.5,2.1,3.3,1.7,4
ENG2025-01212,EMP00751,2025,2025-10-19,4.1,4.7,3.1,4.3,3.7,10
ENG2025-01213,EMP00752,2025,2025-10-24,3.9,3.1,4.3,4.1,4.5,9
ENG2025-01214,EMP00753,2025,2025-10-22,3.4,3.8,3.4,4.2,3.6,10
ENG2025-01215,EMP00755,2025,2025-10-19,2.9,2.4,2.9,2.9,3.2,7
ENG2025-01216,EMP00756,2025,2025-10-28,4.2,4.9,3.7,5.0,3.8,10
ENG2025-01217,EMP00757,2025,2025-10-27,4.6,5.0,4.7,4.8,3.6,10
ENG2025-01218,EMP00758,2025,2025-10-26,2.9,3.3,2.6,3.1,2.6,6
ENG2025-01219,EMP00760,2025,2025-10-22,2.7,3.1,2.7,3.5,2.9,9
ENG2025-01220,EMP00761,2025,2025-10-21,3.6,3.9,4.4,3.5,3.9,10
ENG2025-01221,EMP00762,2025,2025-10-17,4.1,3.3,3.7,4.1,3.5,6
ENG2025-01222,EMP00763,2025,2025-10-25,4.6,4.5,4.4,4.5,4.2,10
ENG2025-01223,EMP00764,2025,2025-10-15,3.0,3.4,3.4,4.3,3.7,7
ENG2025-01224,EMP00765,2025,2025-10-19,3.9,3.9,2.8,3.9,3.4,7
ENG2025-01225,EMP00766,2025,2025-10-15,3.1,2.9,2.5,2.3,3.2,6
ENG2025-01226,EMP00767,2025,2025-10-19,5.0,3.7,4.1,3.8,3.9,10
ENG2025-01227,EMP00768,2025,2025-10-18,4.1,4.6,3.9,4.3,4.7,8
ENG2025-01228,EMP00770,2025,2025-10-24,3.5,3.8,4.2,3.9,3.0,10
ENG2025-01229,EMP00772,2025,2025-10-20,4.6,4.7,3.9,4.4,3.3,8
ENG2025-01230,EMP00775,2025,2025-10-16,3.7,4.4,3.3,4.4,4.3,8
ENG2025-01231,EMP00776,2025,2025-10-22,4.9,3.3,4.0,4.4,4.3,9
ENG2025-01232,EMP00777,2025,2025-10-25,2.5,2.5,2.6,2.3,3.1,5
ENG2025-01233,EMP00778,2025,2025-10-22,3.5,4.5,4.5,3.9,4.9,9
ENG2025-01234,EMP00779,2025,2025-10-16,3.4,3.7,2.9,3.8,3.5,9
ENG2025-01235,EMP00781,2025,2025-10-22,2.3,2.7,2.7,3.3,2.0,5
ENG2025-01236,EMP00782,2025,2025-10-16,2.9,2.6,2.5,3.8,3.5,6
ENG2025-01237,EMP00783,2025,2025-10-28,4.0,3.2,3.8,3.4,4.0,10
ENG2025-01238,EMP00785,2025,2025-10-19,3.0,3.2,3.2,3.6,3.1,4
ENG2025-01239,EMP00786,2025,2025-10-26,4.1,4.4,2.5,3.8,3.4,9
ENG2025-01240,EMP00789,2025,2025-10-28,2.9,2.4,2.0,3.8,3.1,6
ENG2025-01241,EMP00790,2025,2025-10-15,3.1,3.6,2.9,3.2,3.1,7
ENG2025-01242,EMP00791,2025,2025-10-21,4.4,3.8,3.6,4.6,3.3,8
ENG2025-01243,EMP00792,2025,2025-10-16,3.9,3.7,3.9,4.0,3.2,10
ENG2025-01244,EMP00793,2025,2025-10-20,3.8,2.9,3.6,4.0,3.4,8
ENG2025-01245,EMP00795,2025,2025-10-20,3.7,3.5,3.5,3.9,3.2,10
ENG2025-01246,EMP00797,2025,2025-10-24,3.0,2.6,2.3,2.9,2.0,4
ENG2025-01247,EMP00798,2025,2025-10-17,3.9,3.7,2.6,3.1,3.7,7
ENG2025-01248,EMP00800,2025,2025-10-19,2.9,2.6,2.7,2.8,2.9,4
ENG2025-01249,EMP00801,2025,2025-10-18,3.5,2.2,2.9,3.1,3.2,3
ENG2025-01250,EMP00802,2025,2025-10-27,5.0,5.0,3.3,4.6,4.2,8
ENG2025-01251,EMP00803,2025,2025-10-24,3.4,4.0,4.3,4.4,3.5,9
ENG2025-01252,EMP00804,2025,2025-10-17,5.0,4.4,3.6,4.9,4.1,9
ENG2025-01253,EMP00805,2025,2025-10-18,4.2,4.1,3.4,3.6,3.3,8
ENG2025-01254,EMP00806,2025,2025-10-23,2.7,2.4,2.5,3.5,2.8,5
ENG2025-01255,EMP00807,2025,2025-10-28,4.5,3.8,3.7,3.4,3.1,8
ENG2025-01256,EMP00808,2025,2025-10-21,4.0,4.0,3.8,4.3,3.4,8
ENG2025-01257,EMP00809,2025,2025-10-16,4.4,4.1,3.5,4.8,4.3,10
ENG2025-01258,EMP00810,2025,2025-10-22,3.0,3.6,3.1,3.6,3.3,8
ENG2025-01259,EMP00812,2025,2025-10-21,3.9,3.7,3.4,4.5,4.1,9
ENG2025-01260,EMP00813,2025,2025-10-19,2.9,2.9,1.7,2.7,2.8,6
ENG2025-01261,EMP00814,2025,2025-10-27,5.0,4.1,3.5,3.9,3.9,10
ENG2025-01262,EMP00815,2025,2025-10-24,3.0,3.6,2.3,2.7,3.2,6
ENG2025-01263,EMP00816,2025,2025-10-17,3.6,2.9,3.1,3.5,3.9,7
ENG2025-01264,EMP00817,2025,2025-10-23,3.4,3.4,3.4,3.5,3.7,9
ENG2025-01265,EMP00819,2025,2025-10-17,2.5,2.5,2.4,2.3,1.7,3
ENG2025-01266,EMP00821,2025,2025-10-15,3.6,3.6,2.9,3.8,3.4,9
ENG2025-01267,EMP00822,2025,2025-10-20,4.6,5.0,4.6,5.0,4.7,10
ENG2025-01268,EMP00824,2025,2025-10-28,4.1,4.7,4.0,4.7,3.9,10
ENG2025-01269,EMP00825,2025,2025-10-22,3.4,4.0,2.8,4.1,3.2,10
ENG2025-01270,EMP00828,2025,2025-10-20,2.7,3.4,2.1,3.5,2.6,4
ENG2025-01271,EMP00830,2025,2025-10-23,2.9,3.3,3.7,3.2,3.6,6
ENG2025-01272,EMP00831,2025,2025-10-22,3.8,4.2,2.9,4.5,3.7,8
ENG2025-01273,EMP00832,2025,2025-10-22,3.6,3.1,3.3,4.1,3.6,6
